# ************************************************************
# Sequel Pro SQL dump
# Version 4541
#
# http://www.sequelpro.com/
# https://github.com/sequelpro/sequelpro
#
# Host: 127.0.0.1 (MySQL 5.7.28)
# Database: clientesdb
# Generation Time: 2020-05-18 06:44:45 +0000
# ************************************************************


/*!40101 SET @OLD_CHARACTER_SET_CLIENT=@@CHARACTER_SET_CLIENT */;
/*!40101 SET @OLD_CHARACTER_SET_RESULTS=@@CHARACTER_SET_RESULTS */;
/*!40101 SET @OLD_COLLATION_CONNECTION=@@COLLATION_CONNECTION */;
/*!40101 SET NAMES utf8 */;
/*!40014 SET @OLD_FOREIGN_KEY_CHECKS=@@FOREIGN_KEY_CHECKS, FOREIGN_KEY_CHECKS=0 */;
/*!40101 SET @OLD_SQL_MODE=@@SQL_MODE, SQL_MODE='NO_AUTO_VALUE_ON_ZERO' */;
/*!40111 SET @OLD_SQL_NOTES=@@SQL_NOTES, SQL_NOTES=0 */;


# Dump of table Calificacion
# ------------------------------------------------------------

DROP TABLE IF EXISTS `Calificacion`;

CREATE TABLE `Calificacion` (
  `Codigo` varchar(3) NOT NULL,
  `Descripcion` varchar(30) DEFAULT NULL,
  PRIMARY KEY (`Codigo`)
) ENGINE=InnoDB DEFAULT CHARSET=latin1;

LOCK TABLES `Calificacion` WRITE;
/*!40000 ALTER TABLE `Calificacion` DISABLE KEYS */;

INSERT INTO `Calificacion` (`Codigo`, `Descripcion`)
VALUES
	('CPP','CON PROBLEMAS DE PAGO'),
	('DEF','DEFICIENTE'),
	('DUD','DUDOSO'),
	('NOR','NORMAL'),
	('PER','PERDIDA');

/*!40000 ALTER TABLE `Calificacion` ENABLE KEYS */;
UNLOCK TABLES;


# Dump of table Calles
# ------------------------------------------------------------

DROP TABLE IF EXISTS `Calles`;

CREATE TABLE `Calles` (
  `Codigo` varchar(2) NOT NULL,
  `Descripcion` varchar(20) DEFAULT NULL,
  PRIMARY KEY (`Codigo`)
) ENGINE=InnoDB DEFAULT CHARSET=latin1;

LOCK TABLES `Calles` WRITE;
/*!40000 ALTER TABLE `Calles` DISABLE KEYS */;

INSERT INTO `Calles` (`Codigo`, `Descripcion`)
VALUES
	('AL','ALAMEDA'),
	('AV','AVENIDA'),
	('BJ','BAJADA'),
	('BL','BLOCK'),
	('BO','BOULEVARD'),
	('BR','BARRIO'),
	('CA','CASERIO'),
	('CL','CALLE'),
	('CR','CARRETERA'),
	('ED','EDIFICIO'),
	('FU','FUNDO'),
	('HA','HACIENDA'),
	('JR','JIRON'),
	('ML','MALECON'),
	('MZ','MANZANA'),
	('OV','OVALO'),
	('PL','PLAZUELA'),
	('PQ','PARQUE'),
	('PR','PROLONGACIÓN'),
	('PS','PASAJE'),
	('PU','PUENTE');

/*!40000 ALTER TABLE `Calles` ENABLE KEYS */;
UNLOCK TABLES;


# Dump of table Cargos
# ------------------------------------------------------------

DROP TABLE IF EXISTS `Cargos`;

CREATE TABLE `Cargos` (
  `Codigo` decimal(3,0) NOT NULL,
  `Descripcion` varchar(70) DEFAULT NULL,
  PRIMARY KEY (`Codigo`)
) ENGINE=InnoDB DEFAULT CHARSET=latin1;

LOCK TABLES `Cargos` WRITE;
/*!40000 ALTER TABLE `Cargos` DISABLE KEYS */;

INSERT INTO `Cargos` (`Codigo`, `Descripcion`)
VALUES
	(1,'ALCALDE'),
	(2,'ANALISTA'),
	(3,'APODERADO'),
	(4,'ASESOR / CONSULTOR'),
	(5,'ASISTENTE'),
	(6,'AUDITOR'),
	(7,'AUXILIAR / AYUDANTE'),
	(8,'CONGRESISTA'),
	(9,'CONTRALOR GENERAL'),
	(10,'DECANO'),
	(11,'DIPLOMATICO'),
	(12,'DIRECTIVO DE ASOCIACION DEPORTIVA'),
	(13,'DIRECTOR, SUBDIRECTOR, GERENTE, JEFE DEL SECTOR PRIVADO'),
	(14,'DOCENTE'),
	(15,'INSPECTOR'),
	(16,'INTENDENTE, DIRECTOR, GERENTE, JEFE DE LA ADMINISTRACIÓN PÚBLICA'),
	(17,'INTERVENTOR GENERAL DE ECONOMIA DE LA ADMINISTRACIÓ PÚBLICA'),
	(18,'JUEZ '),
	(19,'NOTARIO PÚBLICO'),
	(20,'PRACTICANTE'),
	(21,'PREFECTO'),
	(22,'PRESIDENTE DE GOBIERNO REGIONAL'),
	(23,'PRESIDENTE DE LA CORTE SUPREMA'),
	(24,'PRESIDENTE DE LA REPÚBLICA'),
	(25,'PRESIDENTE, TRIBUNAL DE JUSTICIA'),
	(26,'MINISTRO / VICEMINISTRO'),
	(27,'PROCURADOR'),
	(28,'PROCURADOR GENERAL'),
	(29,'RECTOR'),
	(30,'REGIDORES DE MUNICIPALIDADES'),
	(31,'SUB-PREFECTO'),
	(32,'SUPERINTENDENTE DE LA ADMINISTRACIÓN PÚBLICA'),
	(33,'VICEPRESIDENTE DE LA REPÚBLICA'),
	(34,'VOCAL DE LA CORTE SUPERIOR O SUPREMA'),
	(35,'OTROS (señalar)'),
	(36,'NO DECLARA');

/*!40000 ALTER TABLE `Cargos` ENABLE KEYS */;
UNLOCK TABLES;


# Dump of table CIIU
# ------------------------------------------------------------

DROP TABLE IF EXISTS `CIIU`;

CREATE TABLE `CIIU` (
  `Codigo` varchar(4) NOT NULL,
  `Descripcion` varchar(220) DEFAULT NULL,
  PRIMARY KEY (`Codigo`)
) ENGINE=InnoDB DEFAULT CHARSET=latin1;

LOCK TABLES `CIIU` WRITE;
/*!40000 ALTER TABLE `CIIU` DISABLE KEYS */;

INSERT INTO `CIIU` (`Codigo`, `Descripcion`)
VALUES
	('1010','Extracción y aglomeración de carbon de piedra'),
	('1020','Extracción y aglomeración de lignito'),
	('1030','Extracción y aglomeración de lignito'),
	('111','Cultivo de cereales y otros cultivos n.c.p.'),
	('1110','Extracción de petróleo crudo y de gas natural'),
	('112','Cultivo de hortalizas y legumbres, especialidades horticolas y productos de vivero'),
	('1120','Actividades de servicios relaciónados con la extracción de petróleo y de gas, excepto las actividades de prospección'),
	('113','Cultivo de frutas, nueces, plantas cuyas hojas o frutas se utilizan para preparar bebidas y especias'),
	('1200','Extracción de minerales de uranio y torio'),
	('121','Cría de ganado vacuno y de ovejas, cabras, caballos, asnos, mulas y burdeganos; cría de ganado lechero'),
	('122','Cría de otros animales; elaboración de productos animales n.c.p.'),
	('130','Cultivo de productos agricolas en combinación con la cría de animales (explotación mixta)'),
	('1310','Extracción de minerales de hierro'),
	('1320','Extracción de minerales metaliferos no ferrosos, excepto minerales de uranio y torio'),
	('140','Actividades de servicios agricolas y ganaderos, excepto las actividades veterinarias'),
	('1410','Extracción de piedra, arena y arcilla'),
	('1421','Extracción de minerales para la fabricación de abonos y productos quimicos'),
	('1422','Extracción de sal'),
	('1429','Explotación de otras minas y canteras n.c.p.'),
	('150','Caza ordinaría y mediante trampas, y repoblación de animales de caza, incluso las actividades de servicios conexas'),
	('1511','Produccion, procesamiento y conservación de carne y de productos carnicos'),
	('1512','Elaboración y conservación de pescado y productos de pescado'),
	('1513','Elaboración y conservación de frutas, legumbres y hortalizas'),
	('1514','Elaboración de aceite y grasas de origen vegetal y animal'),
	('1515','Elaboración de aceite de pescado'),
	('1520','Elaboración de productos lácteos'),
	('1531','Elaboración de productos de molinería'),
	('1532','Elaboración de almidones y productos derivados del almidon'),
	('1533','Elaboración de alimentos preparados para animales'),
	('1541','Elaboración de productos de panadería'),
	('1542','Elaboración de azúcar'),
	('1543','Elaboración de cacao y chocolate y de productos de confitería'),
	('1544','Elaboración de macarrones, fideos, alcuzcuz y productos farinaceos similares'),
	('1549','Elaboración de otros productos alimenticios n.c.p.'),
	('1551','Destilacion, rectificación y mezcla de bebidas alcohólicas; producción de alcohol etílico a partir de sustancias fermentadas'),
	('1552','Elaboración de vinos'),
	('1553','Elaboración de bebidas malteadas y de malta'),
	('1554','Elaboración de bebidas no alcohólicas; producción de aguas minerales'),
	('1600','Elaboración de productos de tabaco'),
	('1711','Preparación e hilatura de fibras textiles; tejedura de productos textiles'),
	('1712','Acabado de productos textiles'),
	('1721','Fabricación de artículos confeccionados de materiales textiles, excepto prendas de vestir'),
	('1722','Fabricación de tapices y alfombras'),
	('1723','Fabricación de cuerdas, cordeles, bramantes y redes'),
	('1729','Fabricación de otros productos textiles n.c.p.'),
	('1730','Fabricación de tejidos y artículos de punto y ganchillo'),
	('1810','Fabricación de prendas de vestir; excepto prendas de piel'),
	('1820','Adobo y teñido de pieles; fabricación de artículos de piel'),
	('1911','Curtido y adobo de cueros'),
	('1912','Fabricación de maletas, bolsos de mano y artículos similares, y de artículos de talabartería y guarnicionería'),
	('1920','Fabricación de calzado'),
	('200','Silvicultura, extracción de madera y actividades de servicios conexas'),
	('2010','Aserrado y acepilladura de madera'),
	('2021','Fabricación de hojas de madera para enchapados; fabricación de tableros contrachapados, tableros laminados, tableros de particulas y otros tableros y paneles'),
	('2022','Fabricación de partes y piezas de carpintería para edificios y construcciones'),
	('2023','Fabricación de recipientes de madera'),
	('2029','Fabricación de otros productos de madera; fabricación de artículos de corcho, paja y materiales trenzables'),
	('2101','Fabricación de pasta de madera, papel y carton'),
	('2102','Fabricación de papel y carton ondulado y de envases de papel y carton'),
	('2109','Fabricación de otros artículos de papel y carton'),
	('2211','Edición de libros, folletos, partituras y otras publicaciones'),
	('2212','Edición de periodicos, revistas y publicaciones periodicas'),
	('2213','Edición de grabaciones'),
	('2219','Otras actividades de edición'),
	('2221','Actividades de impresión'),
	('2222','Actividades de servicios relacionados con la impresión'),
	('2230','Reproducción de grabaciones'),
	('2310','Fabricación de productos de hornos de coque'),
	('2320','Fabricación de productos de la refinación del petróleo'),
	('2330','Elaboración de combustible nuclear'),
	('2411','Fabricación de sustancias quimicas basicas, excepto abonos y compuestos de nitrogeno'),
	('2412','Fabricación de abonos y compuestos de nitrogeno'),
	('2413','Fabricación de plasticos en formas primarias y de caucho sintetico'),
	('2421','Fabricación de plagulcidas y otros productos quimicos de uso agropecuario'),
	('2422','Fabricación de pinturas, barnices y productos de revestimiento similares, tintas de imprenta y masillas'),
	('2423','Fabricación de productos farmaceuticos, sustancias quimicas medicinales y productos botanicos'),
	('2424','Fabricación de jabones y detergentes, preparados para limpiar y pulir, perfumes y preparados de tocador'),
	('2429','Fabricación de otros productos quimicos n.c.p.'),
	('2430','Fabricación de fibras manufacturadas'),
	('2511','Fabricación de cubiertas y camaras de caucho; recauchado y renovación de cubiertas de caucho'),
	('2519','Fabricación de otros productos de caucho'),
	('2520','Fabricación de productos de plástico'),
	('2610','Fabricación de vidrio y productos de vidrio'),
	('2691','Fabricación de productos de ceramica no refractaría para uso no estructural'),
	('2692','Fabricación de productos de ceramica refractaría '),
	('2693','Fabricación de productos de arcilla y ceramica no refractarias para uso estructural'),
	('2694','Fabricación de cemento, cal y yeso'),
	('2695','Fabricación de artículos de hormigon, cemento y yeso'),
	('2696','Corte, tallado y acabado de la piedra'),
	('2699','Fabricación de otros productos minerales no metalicos n.c.p.'),
	('2710','Industrias básicas de hierro y acero'),
	('2720','Fabricación de productos primarios de metales preciosos y metales no ferrosos'),
	('2731','Fundición de hierro y acero'),
	('2732','Fundición de metales no ferrosos'),
	('2811','Fabricación de productos metalicos para uso estructural'),
	('2812','Fabricación de tanques, depositos y recipientes de metal'),
	('2813','Fabricación de generadores de vapor, excepto calderas de agua caliente para calefacción central'),
	('2891','Forja, prensado, estampado y laminado de metales; pulvimetalurgia'),
	('2892','Tratamiento y revestimiento de metales; obras de ingeniería mecanica en general realizadas a cambio de una retribución o por contrata'),
	('2893','Fabricación de artículos de cuchilleria, herramientas de mano y artículos de ferretería'),
	('2899','Fabricación de otros productos elaborados de metal n.c.p.'),
	('2911','Fabricación de motores y turbinas,excepto motores para aeronaves, vehiculos automotres y motocicletas'),
	('2912','Fabricación de bombas, compresores, grifos y valvulas'),
	('2913','Fabricación de cojinetes, engranajes, trenes de engranajes y piezas de transmisión.'),
	('2914','Fabricación de hornos, hogares y quemadores'),
	('2915','Fabricación de equipo de elevación y manipulación'),
	('2919','Fabricación de otros tipos de maquinaria de uso general'),
	('2921','Fabricación de maquinaria agropecuaría y forestal'),
	('2922','Fabricación de maquinas herramienta'),
	('2923','Fabricación de maquinaria metalúrgica'),
	('2924','Fabricación de maquinaria para la explotación de minas y canteras y para obras de construcción'),
	('2925','Fabricación de maquinaria para la elaboración de alimentos, bebidas y tabaco'),
	('2926','Fabricación de maquinaria para la elaboración de productos textiles, prendas de vestir y cueros'),
	('2927','Fabricación de armas y municiones'),
	('2929','Fabricación de otros tipos de maquinaria de uso especial'),
	('2930','Fabricación de aparatos de uso domestico n.c.p.'),
	('3000','Fabricación de maquinaria de oficina, fabricación de maquinaria de oficina, contabilidad e informática'),
	('3110','Fabricación de motores, generadores y transformadores eléctricos'),
	('3120','Fabricación de aparatos de distribución y control de la energía eléctrica'),
	('3130','Fabricación de hilos y cables aislados'),
	('3140','Fabricación de acumuladores, de pilas y de baterías primarias'),
	('3150','Fabricación de lamparas eléctricas y equipo de iluminación'),
	('3190','Fabricación de otros tipos de equipo eléctrico n.c.p.'),
	('3210','Fabricación de tubos y válvulas electrónicas y de otros componentes electrónicos'),
	('3220','Fabricación de transmisores de radio y televisión y de aparatos para telefonía y telegrafía con hilos.'),
	('3230','Fabricación de receptores de radio y televisión, aparatos de grabación y reproducción de sonido y video, y productos conexos'),
	('3311','Fabricación de equipo medico y quirúrgico y de aparatos ortopédicos'),
	('3312','Fabricación de instrumentos y aparatos para medir, verificar, ensayar, navegar y otros fines, excepto el equipo de control de procesos industriales'),
	('3313','Fabricación de equipo de control de procesos industriales'),
	('3320','Fabricación de instrumentos de óptica y equipo fotográfico'),
	('3330','Fabricación de relojes'),
	('3410','Fabricación de vehículos automotores'),
	('3420','Fabricación de carrocerías para vehículos automotores; fabricación de remolques y semirremolques'),
	('3430','Fabricación de partes, piezas y accesorios para vehículos automotores y sus motores'),
	('3511','Construcción y reparación de buques '),
	('3512','Construcción y reparación de embarcaciones de recreo y de deporte'),
	('3520','Fabricación de locomotoras y de material rodante para ferrocarriles y tranvías'),
	('3530','Fabricación de aeronaves y naves espaciales'),
	('3591','Fabricación de motocicletas'),
	('3592','Fabricación de bicicletas y de sillones de ruedas para inválidos'),
	('3599','Fabricación de otros tipos de equipo de transporte n.c.p.'),
	('3610','Fabricación de muebles'),
	('3691','Fabricación de joyas y artículos conexos'),
	('3692','Fabricación de instrumentos de música'),
	('3693','Fabricación de artículos de deporte'),
	('3694','Fabricación de juegos y juguetes'),
	('3699','Otras industrias manufactureras n.c.p.'),
	('3710','Reciclamiento de desperdicios y desechos metálicos'),
	('3720','Reciclamiento de desperdicios y desechos no metálicos'),
	('4010','Generacion, captación y distribución de energía electrica'),
	('4020','Fabricación de gas; distribución de combustibles gaseosos por tuberias'),
	('4030','Suministro de vapor y agua caliente'),
	('4100','Captacion, depuración y distribución de agua'),
	('4510','Preparación del terreno'),
	('4520','Construcción de edificios completos y de partes de edificios; obras de ingeniería civil'),
	('4530','Acondicionamiento de edificios'),
	('4540','Terminación de edificios'),
	('4550','Alquiler de equipo de construcción y demolición dotado de operarios'),
	('500','Pesca, explotación de criaderos de peces y granjas pisciicolas; actividades de servicios relacionadas con la pesca'),
	('5010','Venta de vehiculos automotores'),
	('5020','Mantenimiento y reparación de vehiculos automotores'),
	('5030','Venta de partes, piezas y accesorios de vehiculos automotores'),
	('5040','En esta clase se incluyen la venta al por mayor y al por menor de motocicletas y trineos motorizados y la de sus parteas, piezas y accesorios. también se incluyen las actividades de mantenimiento y reparación.'),
	('5050','Venta al por menor de combustible para automotores'),
	('5110','Venta al por mayor a cambio de una retribución o por contrata'),
	('5121','Venta al por mayor de materias primas agropecuarias y de animales vivos'),
	('5122','Venta al por mayor de alimentos, bebidas y tabaco'),
	('5131','Venta al por mayor de productos textiles, prendas de vestir y calzado'),
	('5139','Venta al por mayor de otros enseres domesticos'),
	('5141','Venta al por mayor de combustibles solidos, liquidos y gaseosos y de productos conexos'),
	('5142','Venta al por mayor de metales y minerales metaliferos'),
	('5143','Venta al por mayor de materiales de contrucción, artículos de ferretería y equipo y materiales de fontanería y calefacción'),
	('5149','Venta al por mayor de otros productos intermedios, desperdicios y desechos'),
	('5150','Venta al por mayor de maquinaria, equipo y materiales'),
	('5190','Venta al por mayor de otros productos'),
	('5211','Venta al por menor en almacenes no especializados con surtido compuesto principalemente de alimentos, bebidas y tabaco'),
	('5219','Venta al por menor de otros productos en almacenes no especializados'),
	('5220','Venta al por menor de alimentos, bebidas y tabaco en almacenes especializados'),
	('5231','Venta al por menor de productos farmaceuticos y medicinales, cosmeticos y artículos de tocador'),
	('5232','Venta al por menor de productos textiles, prendas de vestir, calzado y artículos de cuero'),
	('5233','Venta al por menor de aparatos, artículos y equipo de uso domestico'),
	('5234','Venta al por menor de artículos de ferreteria, pinturas y productos de vidrio'),
	('5239','Venta al por menor de otros productos en almacenes especializados'),
	('5240','Venta al por menor en almacenes de artículos usados'),
	('5251','Venta al por menor de casas de venta por correo'),
	('5252','Venta al por menor en puestos de venta y mercados'),
	('5259','Otros tipos de venta al por menor no realizado en almacenes'),
	('5260','Reparación de efectos personales y enseres domesticos'),
	('5270','Venta al por menor no especificado'),
	('5510','Hoteles; campamentos y otros tipos de hospedaje temporal'),
	('5520','Restaurantes, bares y cantinas'),
	('6010','Transporte por vía férrea'),
	('6021','Otros tipos de transporte regular de pasajeros por vía terrestre '),
	('6022','Otros tipos de transporte no regular de pasajeros por vía terrestre'),
	('6023','Transporte de carga por carretera'),
	('6030','Transporte por tuberías'),
	('6110','Transporte marítimo y de cabotaje'),
	('6120','Transporte por vias de navegación interiores'),
	('6210','Transporte regular por vía aérea'),
	('6220','Transporte no regular por vía aérea'),
	('6301','Manipulación de la carga'),
	('6302','Almacenamiento y depósito'),
	('6303','Otras actividades de transportes complementarias'),
	('6304','Actividades de agencias de viajes y organizadores de viajes; actividades de asistencía a turistas n.c.p.'),
	('6309','Actividades de otras agencias de transporte'),
	('6411','Actividades postales nacionales'),
	('6412','Actividades de correo distintas de las actividades postales nacionales'),
	('6420','Telecomunicaciones'),
	('6511','Banca central'),
	('6519','Otros tipos de intermediación monetaria'),
	('6591','Arrendamiento financiero'),
	('6592','Otros tipos de crédito'),
	('6599','Otros tipos de intermediación financiera n.c.p.'),
	('6601','Planes de seguros de vida'),
	('6602','Planes de pensiones'),
	('6603','Planes de seguros generales'),
	('6711','Administración de mercados financieros'),
	('6712','Actividades bursátiles'),
	('6719','Actividades auxiliares de la intermediación financiera n.c.p.'),
	('6720','Actividades auxiliares de la financiación de planes de seguros y de pensiones'),
	('7010','Actividades inmobiliarias realizadas con bienes propios o arrendados'),
	('7020','Actividades inmobiliarias realizadas a cambio de una retribución o por contrata '),
	('7111','Alquiler de equipo de transporte por vía terrestre '),
	('7112','Alquiler de equipo de transporte por vía acuática'),
	('7113','Alquiler de equipo de transporte por vía aérea'),
	('7121','Alquiler de maquinaria y equipo agropecuario'),
	('7122','Alquiler de maquinaria y equipo de construcción e ingeniería civil'),
	('7123','Alquiler de maquinaria y equipo de oficina (incluso computadoras)'),
	('7129','Alquiler de otros tipos de maquinaria y equipo n.c.p.'),
	('7130','Alquiler de efectos personales y enseres domésticos n.c.p.'),
	('7210','Consultores en equipo de informática'),
	('7220','Consultores en programas de informática y suministros de programas de informática'),
	('7230','Procesamiento de datos'),
	('7240','Procesamiento de datos'),
	('7250','Mantenimiento y reparación de maquinaria de oficina, contabilidad e informática'),
	('7290','Otras actividades de informática'),
	('7310','Investigaciones y desarrollo experimental en el campo de las ciencias naturales y la ingeniería'),
	('7320','Investigaciones y desarrollo experimental en el campo de las ciencias sociales y las humanidades'),
	('7411','Actividades jurídicas'),
	('7412','Actividades de contabilidad, teneduría de libros y auditoría; asesoramiento en matería de impuestos'),
	('7413','Investigación de mercados y realización de encuestas de opinión pública'),
	('7414','Actividades de asesoramiento empresarial y en matería de gestión'),
	('7421','Actividades de arquitectura e ingeniería y actividades conexas de asesoramiento técnico'),
	('7422','Ensayos y análisis técnicos'),
	('7430','Publicidad'),
	('7491','Obtención y dotación de personal'),
	('7492','Actividades de investigación y seguridad'),
	('7493','Actividades de limpieza de edificios'),
	('7494','Actividades de fotografía'),
	('7495','Actividades de envase y empaque'),
	('7499','Otras actividades empresariales n.c.p.'),
	('7511','Actividades de la administración pública en general'),
	('7512','Regulación de las actividades de organismos que prestan servicios sanitarios, educativos, culturales y otros servicios sociales, excepto servicios de seguridad social.'),
	('7513','Regulación y facilitación de la actividad económica'),
	('7514','Actividades de servicios auxiliares para la administración pública en general'),
	('7521','Relaciones exteriores'),
	('7522','Actividades de defensa'),
	('7523','Actividades de mantenimiento del orden público y de seguridad '),
	('7530','Actividades de planes de seguridad social de afiliación obligatoria'),
	('8010','Enseñanza primaria'),
	('8021','Enseñanza secundaría de formación general'),
	('8022','Enseñanza secundaría de formación técnica y profesional'),
	('8030','Enseñanza superior'),
	('8090','Enseñanza de adultos y otros tipos de enseñanza'),
	('8511','Actividades de hospitales'),
	('8512','Actividades de médicos y odontólogos'),
	('8519','Otras actividades relacionadas con la salud humana'),
	('8520','Actividades veterinarias'),
	('8531','Servicios sociales con alojamiento'),
	('8532','Servicios sociales sin alojamiento'),
	('9000','Eliminación de desperdicios y aguas residuales, saneamiento y actividades similares'),
	('9111','Actividades de organización empresariales y de empleadores'),
	('9112','Actividades de organizaciones profesionales'),
	('9120','Actividades de sindicatos'),
	('9191','Actividades de organizaciones religiosas'),
	('9192','Actividades de organizaciones políticas'),
	('9199','Actividades de otras asociaciones n.c.p.'),
	('9211','Producción y distribución de filmes y videocintas'),
	('9212','Exhibición de filmes y videocintas'),
	('9213','Actividades de radio y televisión'),
	('9214','Actividades teatrales y musicales y otras actividades artísticas'),
	('9219','Otras actividades de entretenimiento n.c.p.'),
	('9220','Actividades de agencias de noticias'),
	('9231','Actividades de bibliotecas y archivos'),
	('9232','Actividades de museos y preservación de lugares y edificios históricos'),
	('9233','Actividades de jardines botánicos y zoológicos y de parques nacionales'),
	('9241','Actividades deportivas'),
	('9249','Otras actividades de esparcimiento'),
	('9301','Lavado y limpieza de prendas de tela y de piel, incluso la limpieza en seco '),
	('9302','Peluquería y otros tratamientos de belleza'),
	('9303','Pompas fúnebres y actividades conexas'),
	('9309','Otras actividades de servicios n.c.p.'),
	('9500','Hogares privados con servicio doméstico'),
	('9900','Organizaciones y órganos extraterritoriales'),
	('9999','Otras actividades no especificadas');

/*!40000 ALTER TABLE `CIIU` ENABLE KEYS */;
UNLOCK TABLES;


# Dump of table Clientes
# ------------------------------------------------------------

DROP TABLE IF EXISTS `Clientes`;

CREATE TABLE `Clientes` (
  `Cod_Socio` int(10) unsigned NOT NULL AUTO_INCREMENT,
  `Tipo_Persona` varchar(1) DEFAULT NULL,
  `Tipo_Documento` varchar(3) DEFAULT NULL,
  `Nro_Documento` varchar(11) DEFAULT NULL,
  `Ape_Paterno` varchar(20) DEFAULT NULL,
  `Ape_Materno` varchar(20) DEFAULT NULL,
  `Nombres` varchar(20) DEFAULT NULL,
  `Nom_Completo` varchar(60) DEFAULT NULL,
  `Fecha_Nacimiento` date DEFAULT NULL,
  `Nacionalidad` varchar(4) DEFAULT NULL,
  `Sexo` varchar(1) DEFAULT NULL,
  `Estado_Civil` varchar(2) DEFAULT NULL,
  `Educacion` varchar(3) DEFAULT NULL,
  `Condicion_Laboral` varchar(4) DEFAULT NULL,
  `CIIU` varchar(4) DEFAULT NULL,
  `Profesion` varchar(3) DEFAULT NULL,
  `Tip_Doc_Conyuge` varchar(3) DEFAULT NULL,
  `Doc_Conyuge` varchar(10) DEFAULT NULL,
  `Ape_Pat_Conyuge` varchar(20) DEFAULT NULL,
  `Ape_Mat_Conyuge` varchar(20) DEFAULT NULL,
  `Nom_Conyuge` varchar(20) DEFAULT NULL,
  `Telefono_Fijo` varchar(10) DEFAULT NULL,
  `Telefono_Celular` varchar(10) DEFAULT NULL,
  `Correo_Electronico` varchar(40) DEFAULT NULL,
  `Fecha_Apertura` date DEFAULT NULL,
  `Carga_Familiar` int(2) unsigned DEFAULT NULL,
  `Tipo_Vivienda` varchar(1) DEFAULT NULL,
  `Ruc_Laboral` varchar(11) DEFAULT NULL,
  `Centro_Laboral` varchar(50) DEFAULT NULL,
  `Cargo` varchar(3) DEFAULT NULL,
  `Fecha_Ingreso` date DEFAULT NULL,
  `Telefono_Laboral` varchar(10) DEFAULT NULL,
  `Razon_Social` varchar(60) DEFAULT NULL,
  `Fecha_Constitucion` date DEFAULT NULL,
  `Tipo_Empresa` varchar(1) DEFAULT NULL,
  `RRPP` varchar(10) DEFAULT NULL,
  `Tamano_Empresa` int(10) unsigned zerofill DEFAULT NULL,
  `Cal_Interna` varchar(3) DEFAULT NULL,
  `Cal_Externa` varchar(3) DEFAULT NULL,
  `Activo` int(10) unsigned DEFAULT '1',
  `Usuario_Registro` varchar(10) DEFAULT NULL,
  `Fecha_Registro` date DEFAULT NULL,
  `Hora_Registro` time DEFAULT NULL,
  `Usuario_Modifica` varchar(10) DEFAULT NULL,
  `Fecha_Modifica` date DEFAULT NULL,
  `Hora_Modifica` time DEFAULT NULL,
  `Nom_Tipo_Persona` varchar(10) DEFAULT NULL,
  `Nom_Tipo_Documento` varchar(20) DEFAULT NULL,
  PRIMARY KEY (`Cod_Socio`)
) ENGINE=InnoDB DEFAULT CHARSET=latin1;

LOCK TABLES `Clientes` WRITE;
/*!40000 ALTER TABLE `Clientes` DISABLE KEYS */;

INSERT INTO `Clientes` (`Cod_Socio`, `Tipo_Persona`, `Tipo_Documento`, `Nro_Documento`, `Ape_Paterno`, `Ape_Materno`, `Nombres`, `Nom_Completo`, `Fecha_Nacimiento`, `Nacionalidad`, `Sexo`, `Estado_Civil`, `Educacion`, `Condicion_Laboral`, `CIIU`, `Profesion`, `Tip_Doc_Conyuge`, `Doc_Conyuge`, `Ape_Pat_Conyuge`, `Ape_Mat_Conyuge`, `Nom_Conyuge`, `Telefono_Fijo`, `Telefono_Celular`, `Correo_Electronico`, `Fecha_Apertura`, `Carga_Familiar`, `Tipo_Vivienda`, `Ruc_Laboral`, `Centro_Laboral`, `Cargo`, `Fecha_Ingreso`, `Telefono_Laboral`, `Razon_Social`, `Fecha_Constitucion`, `Tipo_Empresa`, `RRPP`, `Tamano_Empresa`, `Cal_Interna`, `Cal_Externa`, `Activo`, `Usuario_Registro`, `Fecha_Registro`, `Hora_Registro`, `Usuario_Modifica`, `Fecha_Modifica`, `Hora_Modifica`, `Nom_Tipo_Persona`, `Nom_Tipo_Documento`)
VALUES
	(27,'2','DNI','25723525','DIAZ','DIAZ','JOSE AMADEO MARTIN','DIAZ DIAZ JOSE AMADEO MARTIN','1974-11-06','9179','M','2','SUP','DEIF','1010','61','DNI','41191089','RAMIREZ','ORTEGA','MIRYAN AMELIA','5323380','977448524','jadiaz@farmaciasperuanas.pe','2020-03-19',6,'2','10257235250','FARMACIAS PERUANAS','13','2018-03-31','5534206','',NULL,'1','',NULL,'NOR','NOR',1,NULL,NULL,NULL,NULL,NULL,NULL,'NATURAL','DNI'),
	(28,'1','RUC','10257235250','','','','  ',NULL,'9179','F','1','BCH','AMAC','7220','1','CE','','','','','4411526','977448524','informes@joedayz.pe','2018-12-03',NULL,'1','','','1','2018-11-30','','JOEDAYZ','2018-11-28','4','12345',0000000003,'NOR','NOR',1,NULL,NULL,NULL,NULL,NULL,NULL,'JURIDICA','RUC'),
	(29,'2','DNI','34564567','PEREZ','PEREZ','JUAN','PEREZ PEREZ JUAN','1980-07-23','9179','M','1','LIC','AMAC','1429','7','DNI','41191089','PEREZ','PEREZ','ROSA','4564567','978789003','juan@gmail.com','2020-03-28',3,'1','10457231950','REPSOL','15','2020-03-01','5534206','',NULL,'1','',NULL,'DUD','NOR',1,NULL,NULL,NULL,NULL,NULL,NULL,'NATURAL','DNI'),
	(30,'1','RUC','20516675416','','','','  ',NULL,'9179','F','1','BCH','AMAC','1010','1','CE','','','','','415000','','informes@acme.pe','2018-02-28',NULL,'1','','','1',NULL,'','ACME','2018-02-13','4','12345',0000000010,'NOR','NOR',1,NULL,NULL,NULL,NULL,NULL,NULL,'JURIDICA','Carnet Extranjería'),
	(31,'2','CE','23456789','PAJARES','PAJARES','LUIS','PAJARES PAJARES LUIS','1991-11-27','9179','F','1','BCH','AMAC','1010','1','DNI','41191089','RAMIREZ','ORTEGA','JUANA','5323380','977448524','joedayzperu@gmail.com','2020-04-17',0,'1','10257235250','FARMACIAS PERUANAS','1','2020-03-06','5534206','',NULL,'1','',NULL,'CPP','CPP',1,NULL,NULL,NULL,NULL,NULL,NULL,'NATURAL','Carnet Extranjería'),
	(32,'2','CE','123433424','RAMIREZ','RAMIREZ','MARCO','RAMIREZ RAMIREZ MARCO','1980-12-30','9179','F','1','BCH','AMAC','1010','1','DNI','41191089','ROSA','ROSA','MARIA','243132412','2134231421','marco@gmail.com','2020-03-27',0,'1','10457231950','REPSOL','1','2020-04-06','5534206','',NULL,'1','',NULL,'CPP','CPP',1,NULL,NULL,NULL,NULL,NULL,NULL,'NATURAL','Carnet Extranjería'),
	(33,'1','CE','10257235250','','','','  ',NULL,'9179','F','1','BCH','AMAC','1010','1','CE','','','','','5323380','977448524','acme@acme2.com','2018-12-02',NULL,'1','','','1',NULL,'','ACME 2','2020-04-23','1','12346',0000000150,'CPP','CPP',1,NULL,NULL,NULL,NULL,NULL,NULL,'JURIDICA','Carnet Extranjería');

/*!40000 ALTER TABLE `Clientes` ENABLE KEYS */;
UNLOCK TABLES;


# Dump of table direcciones
# ------------------------------------------------------------

DROP TABLE IF EXISTS `direcciones`;

CREATE TABLE `direcciones` (
  `Cod_Direccion` int(10) unsigned NOT NULL AUTO_INCREMENT,
  `Tipo_Direccion` varchar(1) NOT NULL,
  `Cod_Socio` int(10) unsigned NOT NULL,
  `Tipo_Calle` varchar(2) DEFAULT NULL,
  `Dirección` varchar(50) DEFAULT NULL,
  `Nro_direccion` varchar(10) DEFAULT NULL,
  `Interior_Dpto` varchar(20) DEFAULT NULL,
  `Mz_Direccion` varchar(10) DEFAULT NULL,
  `Lote_Dreccion` varchar(10) DEFAULT NULL,
  `Tipo_Agrupacion` varchar(2) DEFAULT NULL,
  `Lugar` varchar(20) DEFAULT NULL,
  `Usuario_Registro` varchar(10) DEFAULT NULL,
  `Fecha_Registro` date DEFAULT NULL,
  `Hora_Registro` time DEFAULT NULL,
  `Usuario_Modifica` varchar(10) DEFAULT NULL,
  `Fecha_Modifica` date DEFAULT NULL,
  `Hora_Modifica` time DEFAULT NULL,
  `Departamento` varchar(255) DEFAULT NULL,
  `Distrito` varchar(255) DEFAULT NULL,
  `Provincia` varchar(255) DEFAULT NULL,
  `Nombre_Tipo_Direccion` varchar(12) DEFAULT NULL,
  `Cod_Dpto` varchar(6) DEFAULT NULL,
  `Cod_Provincia` varchar(6) DEFAULT NULL,
  `Cod_Distrito` varchar(6) DEFAULT NULL,
  PRIMARY KEY (`Cod_Direccion`),
  KEY `FK7yu9f90f9hj5bmeb87ie8jbty` (`Cod_Socio`),
  CONSTRAINT `FK7yu9f90f9hj5bmeb87ie8jbty` FOREIGN KEY (`Cod_Socio`) REFERENCES `Clientes` (`Cod_Socio`),
  CONSTRAINT `FKhr4pcrw1kmftxcayc435dl26o` FOREIGN KEY (`Cod_Socio`) REFERENCES `clientes` (`Cod_Socio`)
) ENGINE=InnoDB DEFAULT CHARSET=latin1;

LOCK TABLES `direcciones` WRITE;
/*!40000 ALTER TABLE `direcciones` DISABLE KEYS */;

INSERT INTO `direcciones` (`Cod_Direccion`, `Tipo_Direccion`, `Cod_Socio`, `Tipo_Calle`, `Dirección`, `Nro_direccion`, `Interior_Dpto`, `Mz_Direccion`, `Lote_Dreccion`, `Tipo_Agrupacion`, `Lugar`, `Usuario_Registro`, `Fecha_Registro`, `Hora_Registro`, `Usuario_Modifica`, `Fecha_Modifica`, `Hora_Modifica`, `Departamento`, `Distrito`, `Provincia`, `Nombre_Tipo_Direccion`, `Cod_Dpto`, `Cod_Provincia`, `Cod_Distrito`)
VALUES
	(10,'G',28,'AL','URB. LOS PROCERES MZ P LT 29','201','201','P','29','UB','SATELITE',NULL,NULL,NULL,NULL,NULL,NULL,'Callao','Ventanilla','Prov. Const. del Callao','LEGAL','070000','070100','070106'),
	(11,'D',29,'CL','URB. LOS LICENCIADOS ','1','101','T','5','UB','PRIMER SECTOR',NULL,NULL,NULL,NULL,NULL,NULL,'Callao','Ventanilla','Prov. Const. del Callao','DOMICILIARIA','070000','070100','070106'),
	(12,'G',30,'AL','Calle Víctor Alzamora N° 147','147','147','M','5','UB','SANTA CATALINA',NULL,NULL,NULL,NULL,NULL,NULL,'Lima','La Victoria','Lima','LEGAL','150000','150100','150115'),
	(14,'D',27,'AL','URB. LOS PROCERES MZ P LT 29','201','201','P','29','UB','SATELITE',NULL,NULL,NULL,NULL,NULL,NULL,'Callao','Ventanilla','Prov. Const. del Callao','DOMICILIARIA','070000','070100','070106'),
	(15,'D',31,'AL','URB. LOS PROCERES MZ P LT 29','201','201','P','29','AH','LA CHOZA',NULL,NULL,NULL,NULL,NULL,NULL,'La Libertad','Chicama','Ascope','DOMICILIARIA','130000','130200','130202'),
	(16,'D',32,'AL','Calle Víctor Alzamora N° 147','147','147','P','29','AG','CHOZ',NULL,NULL,NULL,NULL,NULL,NULL,'Arequipa','Mariano Nicolas Valcarcel','Camana','DOMICILIARIA','040000','040200','040203'),
	(17,'G',33,'AL','URB. LOS PROCERES MZ P LT 29','201','201','P','29','AG','SANTA',NULL,NULL,NULL,NULL,NULL,NULL,'Callao','Ventanilla','Prov. Const. del Callao','LEGAL','070000','070100','070106');

/*!40000 ALTER TABLE `direcciones` ENABLE KEYS */;
UNLOCK TABLES;


# Dump of table Estado
# ------------------------------------------------------------

DROP TABLE IF EXISTS `Estado`;

CREATE TABLE `Estado` (
  `Codigo` int(10) unsigned NOT NULL AUTO_INCREMENT,
  `Descripcion` varchar(10) DEFAULT NULL,
  PRIMARY KEY (`Codigo`)
) ENGINE=InnoDB DEFAULT CHARSET=latin1;

LOCK TABLES `Estado` WRITE;
/*!40000 ALTER TABLE `Estado` DISABLE KEYS */;

INSERT INTO `Estado` (`Codigo`, `Descripcion`)
VALUES
	(1,'ACTIVO'),
	(2,'INACTIVO');

/*!40000 ALTER TABLE `Estado` ENABLE KEYS */;
UNLOCK TABLES;


# Dump of table estado_civil
# ------------------------------------------------------------

DROP TABLE IF EXISTS `estado_civil`;

CREATE TABLE `estado_civil` (
  `codigo` smallint(6) NOT NULL,
  `descripcion` varchar(255) DEFAULT NULL,
  PRIMARY KEY (`codigo`)
) ENGINE=InnoDB DEFAULT CHARSET=latin1;

LOCK TABLES `estado_civil` WRITE;
/*!40000 ALTER TABLE `estado_civil` DISABLE KEYS */;

INSERT INTO `estado_civil` (`codigo`, `descripcion`)
VALUES
	(1,'SOLTERO'),
	(2,'CASADO'),
	(3,'VIUDO'),
	(4,'CONVIVIENTE'),
	(5,'DIVORCIADO'),
	(6,'FALLECIDO');

/*!40000 ALTER TABLE `estado_civil` ENABLE KEYS */;
UNLOCK TABLES;


# Dump of table Filter_Metadata
# ------------------------------------------------------------

DROP TABLE IF EXISTS `Filter_Metadata`;

CREATE TABLE `Filter_Metadata` (
  `Id` int(10) NOT NULL AUTO_INCREMENT COMMENT 'Id',
  `Ant_Pattern` varchar(500) DEFAULT NULL COMMENT 'Role Id',
  `Expression` varchar(500) DEFAULT NULL COMMENT 'Menu Id',
  `Sort_Order` int(10) DEFAULT NULL,
  PRIMARY KEY (`Id`) USING BTREE
) ENGINE=InnoDB DEFAULT CHARSET=utf8 ROW_FORMAT=DYNAMIC COMMENT='Role Menu';

LOCK TABLES `Filter_Metadata` WRITE;
/*!40000 ALTER TABLE `Filter_Metadata` DISABLE KEYS */;

INSERT INTO `Filter_Metadata` (`Id`, `Ant_Pattern`, `Expression`, `Sort_Order`)
VALUES
	(110,'/','isAuthenticated()',10),
	(120,'/login/*','permitAll',20),
	(130,'/logout','permitAll',30),
	(140,'/clientes/**','hasAnyRole(\"ADMINISTRADOR\", \"SUPERVISOR\")',40),
	(150,'/reportes/**','hasAnyRole(\"ADMINISTRADOR\", \"OPERADOR\", \"SUPERVISOR\")',50);

/*!40000 ALTER TABLE `Filter_Metadata` ENABLE KEYS */;
UNLOCK TABLES;


# Dump of table Fuente_Ingresos
# ------------------------------------------------------------

DROP TABLE IF EXISTS `Fuente_Ingresos`;

CREATE TABLE `Fuente_Ingresos` (
  `Codigo` varchar(4) NOT NULL,
  `Descripcion` varchar(40) DEFAULT NULL,
  PRIMARY KEY (`Codigo`)
) ENGINE=InnoDB DEFAULT CHARSET=latin1;

LOCK TABLES `Fuente_Ingresos` WRITE;
/*!40000 ALTER TABLE `Fuente_Ingresos` DISABLE KEYS */;

INSERT INTO `Fuente_Ingresos` (`Codigo`, `Descripcion`)
VALUES
	('AMAC','AMA DE CASA'),
	('DEIF','DEPENDIENTE CON INGRESOS FIJOS'),
	('DEIV','DEPENDIENTE CON INGRESOS VARIABLES'),
	('DESE','DESEMPLEADO'),
	('DONA','DONACIONES'),
	('ESTD','ESTUDIANTE'),
	('INDE','INDEPENDIENTE'),
	('JUBI','JUBILADO'),
	('PENS','PENSIONISTA'),
	('PROI','PROFESIONAL INDEPENDIENTE'),
	('RENT','RENTISTA');

/*!40000 ALTER TABLE `Fuente_Ingresos` ENABLE KEYS */;
UNLOCK TABLES;


# Dump of table Menus
# ------------------------------------------------------------

DROP TABLE IF EXISTS `Menus`;

CREATE TABLE `Menus` (
  `Cod_Menu` int(10) unsigned NOT NULL AUTO_INCREMENT,
  `Descripcion` varchar(30) DEFAULT NULL,
  `Padre` int(10) unsigned DEFAULT NULL,
  `Orden` int(10) unsigned DEFAULT NULL,
  `Activo` int(10) unsigned DEFAULT NULL,
  `Url` varchar(500) DEFAULT NULL,
  PRIMARY KEY (`Cod_Menu`)
) ENGINE=InnoDB DEFAULT CHARSET=latin1;

LOCK TABLES `Menus` WRITE;
/*!40000 ALTER TABLE `Menus` DISABLE KEYS */;

INSERT INTO `Menus` (`Cod_Menu`, `Descripcion`, `Padre`, `Orden`, `Activo`, `Url`)
VALUES
	(1,'Maestros',0,1,1,NULL),
	(2,'Clientes',1,1,1,'/clientes/list'),
	(3,'Reportes',0,2,1,NULL),
	(4,'Clientes',3,1,1,'/reportes/list');

/*!40000 ALTER TABLE `Menus` ENABLE KEYS */;
UNLOCK TABLES;


# Dump of table Nacionalidad
# ------------------------------------------------------------

DROP TABLE IF EXISTS `Nacionalidad`;

CREATE TABLE `Nacionalidad` (
  `Codigo` varchar(4) NOT NULL,
  `Descripcion` varchar(60) DEFAULT NULL,
  PRIMARY KEY (`Codigo`)
) ENGINE=InnoDB DEFAULT CHARSET=latin1;

LOCK TABLES `Nacionalidad` WRITE;
/*!40000 ALTER TABLE `Nacionalidad` DISABLE KEYS */;

INSERT INTO `Nacionalidad` (`Codigo`, `Descripcion`)
VALUES
	('9001','AFGANISTAN'),
	('9002','ALBANIA'),
	('9003','ALEMANIA'),
	('9004','ANDORRA'),
	('9005','ANGOLA'),
	('9006','ANGUILLA'),
	('9007','ANTIGUA Y BARBUDA'),
	('9008','ANTILLAS HOLANDESAS'),
	('9009','ARABIA SAUDI'),
	('9010','ARGELIA'),
	('9011','ARGENTINA'),
	('9012','ARMENIA'),
	('9013','ARUBA'),
	('9014','AUSTRALIA'),
	('9015','AUSTRIA'),
	('9016','AZERBAIYAN'),
	('9017','BAHAMAS'),
	('9018','BAHREIN'),
	('9019','BANGLADESH'),
	('9020','BARBADOS'),
	('9021','BELARUS'),
	('9022','BELGICA'),
	('9023','BELICE'),
	('9024','BENIN'),
	('9025','BERMUDAS'),
	('9026','BHUTÁN'),
	('9027','BOLIVIA'),
	('9028','BOSNIA Y HERZEGOVINA'),
	('9029','BOTSWANA'),
	('9030','BRASIL'),
	('9031','BRUNEI'),
	('9032','BULGARIA'),
	('9033','BURKINA FASO'),
	('9034','BURUNDI'),
	('9035','CABO VERDE'),
	('9036','CAMBOYA'),
	('9037','CAMERUN'),
	('9038','CANADA'),
	('9039','CHAD'),
	('9040','CHILE'),
	('9041','CHINA'),
	('9042','CHIPRE'),
	('9043','COLOMBIA'),
	('9044','COMORES'),
	('9045','CONGO'),
	('9046','COREA'),
	('9047','COREA DEL NORTE '),
	('9048','COSTA DE MARFIL'),
	('9049','COSTA RICA'),
	('9050','CROACIA'),
	('9051','CUBA'),
	('9052','DINAMARCA'),
	('9053','DJIBOUTI'),
	('9054','DOMINICA'),
	('9055','ECUADOR'),
	('9056','EGIPTO'),
	('9057','EL SALVADOR'),
	('9058','EMIRATOS ARABES UNIDOS'),
	('9059','ERITREA'),
	('9060','ESLOVENIA'),
	('9061','ESPAÑA'),
	('9062','ESTADOS UNIDOS DE AMERICA'),
	('9063','ESTONIA'),
	('9064','ETIOPIA'),
	('9065','FIJI'),
	('9066','FILIPINAS'),
	('9067','FINLANDIA'),
	('9068','FRANCIA'),
	('9069','GABON'),
	('9070','GAMBIA'),
	('9071','GEORGIA'),
	('9072','GHANA'),
	('9073','GIBRALTAR'),
	('9074','GRANADA'),
	('9075','GRECIA'),
	('9076','GROENLANDIA'),
	('9077','GUADALUPE'),
	('9078','GUAM'),
	('9079','GUATEMALA'),
	('9080','GUAYANA FRANCESA'),
	('9081','GUERNESEY'),
	('9082','GUINEA'),
	('9083','GUINEA ECUATORIAL'),
	('9084','GUINEA-BISSAU'),
	('9085','GUYANA'),
	('9086','HAITI'),
	('9087','HONDURAS'),
	('9088','HONG KONG'),
	('9089','HUNGRIA'),
	('9090','INDIA'),
	('9091','INDONESIA'),
	('9092','IRAN'),
	('9093','IRAQ'),
	('9094','IRLANDA'),
	('9095','ISLA DE MAN'),
	('9096','ISLA NORFOLK'),
	('9097','ISLANDIA'),
	('9098','ISLAS ALAND'),
	('9099','ISLAS CAIMÁN'),
	('9100','ISLAS COOK'),
	('9101','ISLAS DEL CANAL'),
	('9102','ISLAS FEROE'),
	('9103','ISLAS MALVINAS'),
	('9104','ISLAS MARIANAS DEL NORTE'),
	('9105','ISLAS MARSHALL'),
	('9106','ISLAS PITCAIRN'),
	('9107','ISLAS SALOMON'),
	('9108','ISLAS TURCAS Y CAICOS'),
	('9109','ISLAS VIRGENES BRITANICAS'),
	('9110','ISLAS VÍRGENES DE LOS ESTADOS UNIDOS'),
	('9111','ISRAEL'),
	('9112','ITALIA'),
	('9113','JAMAICA'),
	('9114','JAPON'),
	('9115','JERSEY'),
	('9116','JORDANIA'),
	('9117','KAZAJSTAN'),
	('9118','KENIA'),
	('9119','KIRGUISTAN'),
	('9120','KIRIBATI'),
	('9121','KUWAIT'),
	('9122','LAOS'),
	('9123','LESOTHO'),
	('9124','LETONIA'),
	('9125','LIBANO'),
	('9126','LIBERIA'),
	('9127','LIBIA'),
	('9128','LIECHTENSTEIN'),
	('9129','LITUANIA'),
	('9130','LUXEMBURGO'),
	('9131','MACAO'),
	('9132','MACEDONIA '),
	('9133','MADAGASCAR'),
	('9134','MALASIA'),
	('9135','MALAWI'),
	('9136','MALDIVAS'),
	('9137','MALI'),
	('9138','MALTA'),
	('9139','MARRUECOS'),
	('9140','MARTINICA'),
	('9141','MAURICIO'),
	('9142','MAURITANIA'),
	('9143','MAYOTTE'),
	('9144','MEXICO'),
	('9145','MICRONESIA'),
	('9146','MOLDAVIA'),
	('9147','MONACO'),
	('9148','MONGOLIA'),
	('9149','MONTENEGRO'),
	('9150','MONTSERRAT'),
	('9151','MOZAMBIQUE'),
	('9152','MYANMAR'),
	('9153','NAMIBIA'),
	('9154','NAURU'),
	('9155','NEPAL'),
	('9156','NICARAGUA'),
	('9157','NIGER'),
	('9158','NIGERIA'),
	('9159','NIUE'),
	('9160','NORUEGA'),
	('9161','NUEVA CALEDONIA'),
	('9162','NUEVA ZELANDA'),
	('9163','OMAN'),
	('9164','OTROS PAISES  O TERRITORIOS DE AMERICA DEL NORTE'),
	('9165','OTROS PAISES O TERRITORIOS  DE SUDAMERICA'),
	('9166','OTROS PAISES O TERRITORIOS DE AFRICA'),
	('9167','OTROS PAISES O TERRITORIOS DE ASIA'),
	('9168','OTROS PAISES O TERRITORIOS DE LA UNION EUROPEA'),
	('9169','OTROS PAISES O TERRITORIOS DE OCEANIA'),
	('9170','OTROS PAISES O TERRITORIOS DEL CARIBE Y AMERICA CENTRAL'),
	('9171','OTROS PAISES O TERRITORIOS DEL RESTO DE EUROPA'),
	('9172','PAISES BAJOS'),
	('9173','PAKISTAN'),
	('9174','PALAOS'),
	('9175','PALESTINA'),
	('9176','PANAMA'),
	('9177','PAPUA NUEVA GUINEA'),
	('9178','PARAGUAY'),
	('9179','PERU'),
	('9180','POLINESIA FRANCESA'),
	('9181','POLONIA'),
	('9182','PORTUGAL'),
	('9183','PUERTO RICO'),
	('9184','QATAR'),
	('9185','REINO UNIDO'),
	('9186','REP.DEMOCRATICA DEL CONGO'),
	('9187','REPUBLICA CENTROAFRICANA'),
	('9188','REPUBLICA CHECA'),
	('9189','REPUBLICA DOMINICANA'),
	('9190','REPUBLICA ESLOVACA'),
	('9191','REUNION'),
	('9192','RUANDA'),
	('9193','RUMANIA'),
	('9194','RUSIA'),
	('9195','SAHARA OCCIDENTAL'),
	('9196','SAMOA'),
	('9197','SAMOA AMERICANA'),
	('9198','SAN BARTOLOME'),
	('9199','SAN CRISTOBAL Y NIEVES'),
	('9200','SAN MARINO'),
	('9201','SAN MARTIN (PARTE FRANCESA)'),
	('9202','SAN PEDRO Y MIQUELON '),
	('9203','SAN VICENTE Y LAS GRANADINAS'),
	('9204','SANTA HELENA'),
	('9205','SANTA LUCIA'),
	('9206','SANTA SEDE'),
	('9207','SANTO TOME Y PRINCIPE'),
	('9208','SENEGAL'),
	('9209','SERBIA'),
	('9210','SEYCHELLES'),
	('9211','SIERRA LEONA'),
	('9212','SINGAPUR'),
	('9213','SIRIA'),
	('9214','SOMALIA'),
	('9215','SRI LANKA'),
	('9216','SUDAFRICA'),
	('9217','SUDAN'),
	('9218','SUECIA'),
	('9219','SUIZA'),
	('9220','SURINAM'),
	('9221','SVALBARD Y JAN MAYEN'),
	('9222','SWAZILANDIA'),
	('9223','TADYIKISTAN'),
	('9224','TAILANDIA'),
	('9225','TANZANIA'),
	('9226','TIMOR ORIENTAL'),
	('9227','TOGO'),
	('9228','TOKELAU'),
	('9229','TONGA'),
	('9230','TRINIDAD Y TOBAGO'),
	('9231','TUNEZ'),
	('9232','TURKMENISTAN'),
	('9233','TURQUIA'),
	('9234','TUVALU'),
	('9235','UCRANIA'),
	('9236','UGANDA'),
	('9237','URUGUAY'),
	('9238','UZBEKISTAN'),
	('9239','VANUATU'),
	('9240','VENEZUELA'),
	('9241','VIETNAM'),
	('9242','WALLIS Y FORTUNA'),
	('9243','YEMEN'),
	('9244','ZAMBIA'),
	('9245','ZIMBABWE');

/*!40000 ALTER TABLE `Nacionalidad` ENABLE KEYS */;
UNLOCK TABLES;


# Dump of table Nivel_Educacion
# ------------------------------------------------------------

DROP TABLE IF EXISTS `Nivel_Educacion`;

CREATE TABLE `Nivel_Educacion` (
  `Codigo` varchar(3) NOT NULL,
  `Descripcion` varchar(20) DEFAULT NULL,
  PRIMARY KEY (`Codigo`)
) ENGINE=InnoDB DEFAULT CHARSET=latin1;

LOCK TABLES `Nivel_Educacion` WRITE;
/*!40000 ALTER TABLE `Nivel_Educacion` DISABLE KEYS */;

INSERT INTO `Nivel_Educacion` (`Codigo`, `Descripcion`)
VALUES
	('BCH','BACHILLER'),
	('DOC','DOCTOR'),
	('LIC','LICENCIADO'),
	('MAS','DOCTORADO'),
	('OTH','OTROS'),
	('PGR','POST GRADO'),
	('PRM','PRIMARIA'),
	('SEC','SECUNDARIA'),
	('SUP','SUPERIOR'),
	('TEC','TECNICO');

/*!40000 ALTER TABLE `Nivel_Educacion` ENABLE KEYS */;
UNLOCK TABLES;


# Dump of table Profesiones
# ------------------------------------------------------------

DROP TABLE IF EXISTS `Profesiones`;

CREATE TABLE `Profesiones` (
  `Codigo` int(10) unsigned NOT NULL AUTO_INCREMENT,
  `Descripcion` varchar(110) DEFAULT NULL,
  PRIMARY KEY (`Codigo`)
) ENGINE=InnoDB DEFAULT CHARSET=latin1;

LOCK TABLES `Profesiones` WRITE;
/*!40000 ALTER TABLE `Profesiones` DISABLE KEYS */;

INSERT INTO `Profesiones` (`Codigo`, `Descripcion`)
VALUES
	(1,'ABOGADO'),
	(2,'ACTOR, ACTRIZ, ARTISTA, DIRECTOR DE ESPECTACULOS, COREOGRAFO, MODELO, MÚSICO, ESCENOGRAFO Y BAILARINES'),
	(3,'ACTUARIO'),
	(4,'ADMINISTRADOR'),
	(5,'ADUANERO/AGENTE DE ADUANAS/INSPECTORES DE FRONTERA'),
	(6,'AEROMOZO/ AZAFATA '),
	(7,'AGENTE / INTERMEDIARIO / CORREDOR INMOBILIARIO'),
	(8,'AGENTE DE BOLSA'),
	(9,'AGENTE DE INMIGRACIÓN/MIGRACIÓN'),
	(10,'AGENTE DE TURISMO/VIAJES'),
	(11,'AGENTE/INTERMEDIARIO/CORREDOR DE SEGUROS'),
	(12,'AGRICULTOR, AGRÓNOMO, AGRÓLOGO, ARBORICULTOR, AGRIMENSOR, TOPOGRAFO, GEOGRAFO'),
	(13,'ALBAÑIL, OBRERO DE CONSTRUCCIÓN'),
	(14,'AMA DE CASA'),
	(15,'ANALISTAS DE SISTEMA Y COMPUTACION'),
	(16,'ANTROPOLOGO, ARQUEOLOGO Y ETNOLOGO'),
	(17,'ARCHIVERO'),
	(18,'ARMADOR DE BARCO'),
	(19,'ARQUITECTO'),
	(20,'ARTESANO '),
	(21,'ASISTENTE SOCIAL'),
	(22,'AUTOR LITERARIO, ESCRITOR Y CRITICO'),
	(23,'AVICULTOR'),
	(24,'BACTERIOLOGO, FARMACOLOGO, BIOLOGO, CIENTIFICO'),
	(25,'BASURERO / BARRENDERO'),
	(26,'CAJERO'),
	(27,'CAMARERO / BARMAN / MESERO/ COCINERO / CHEF'),
	(28,'CAMBISTA, COMPRA/VENTA DE MONEDA'),
	(29,'CAMPESINO'),
	(30,'CAPATAZ'),
	(31,'CARGADOR'),
	(32,'CARPINTERO'),
	(33,'CARTERO'),
	(34,'CERRAJERO'),
	(35,'COBRADOR'),
	(36,'COMERCIANTE / VENDEDOR'),
	(37,'CONDUCTOR, CHOFER / TAXISTA'),
	(38,'CONSERJE / PORTERO/ GUARDIAN/ VIGILANTE'),
	(39,'CONSTRUCTOR'),
	(40,'CONTADOR'),
	(41,'CONTRATISTA'),
	(42,'CORTE Y CONFECCION DE ROPA/ FABRICANTE DE PRENDAS'),
	(43,'COSMETOLOGO, PELUQUERO Y BARBERO'),
	(44,'DECORADOR, DIBUJANTE, PUBLICISTA, DISEÑADOR DE PUBLICIDAD'),
	(45,'DENTISTA / ODONTOLOGO'),
	(46,'DEPORTISTA PROFESIONAL, ATLETA, ARBITRO, ENTRENADOR DEPORTIVO'),
	(47,'DISTRIBUIDOR'),
	(48,'DOCENTE'),
	(49,'ECONOMISTA'),
	(50,'ELECTRICISTA'),
	(51,'EMPLEADA (O) DEL HOGAR / NANA'),
	(52,'EMPRESARIO EXPORTADOR/ EMPRESARIO IMPORTADOR'),
	(53,'ENFERMERO'),
	(54,'ENSAMBLADOR'),
	(55,'ESCULTOR'),
	(56,'ESTUDIANTE'),
	(57,'FOTOGRAFO / OPERADORES CAMARA, CINE Y TV, LOCUTOR DE RADIO Y TV, GUIONISTA'),
	(58,'GANADERO'),
	(59,'GASFITERO'),
	(60,'HISTORIADOR'),
	(61,'INGENIERO'),
	(62,'INTERPRETE, TRADUCTOR'),
	(63,'JARDINERO'),
	(64,'JOCKEY'),
	(65,'JOYERO Y/O PLATERO / ORFEBRE'),
	(66,'JUBILADO / PENSIONISTA'),
	(67,'LABORATORISTA (TECNICO)'),
	(68,'LIQUIDADOR, RECLAMACIONES/SEGUROS'),
	(69,'MAQUINISTA / OPERADOR DE MAQUINARIA'),
	(70,'MARTILLERO / SUBASTADOR'),
	(71,'MAYORISTA, COMERCIO AL POR MAYOR'),
	(72,'MECANICO'),
	(73,'MEDICO / CIRUJANO'),
	(74,'METALURGISTA'),
	(75,'MIEMBRO DE LAS FUERZAS ARMADAS'),
	(76,'NUTRICIONISTA'),
	(77,'OBRERO / OPERADOR'),
	(78,'OBSTETRIZ'),
	(79,'ORGANIZADOR DE EVENTOS'),
	(80,'PANADERO / PASTELERO'),
	(81,'PARAMÉDICO'),
	(82,'PERIODISTA'),
	(83,'PERITO'),
	(84,'PESCADOR'),
	(85,'PILOTO '),
	(86,'PINTOR'),
	(87,'POLICIA MUNICIPAL'),
	(88,'POLICIA PNP'),
	(89,'PRODUCTOR DE CINE / RADIO / TELEVISION / TEATRO'),
	(90,'PRODUCTOR, CULTIVOS EXTENSIVOS'),
	(91,'PROGRAMADOR'),
	(92,'PSICOLOGO/ TERAPEUTA'),
	(93,'QUIROPRÁCTICO/ KINESITERAPEUTA (KINESIOLOGOS)'),
	(94,'RELACIONISTA PUBLICO E INDUSTRIAL'),
	(95,'RELOJERO'),
	(96,'REPARACION DE AUTOMOVILES,PINTOR RETOCADOR'),
	(97,'REPARADOR DE APARATOS ELECTRODOMESTICOS'),
	(98,'REPARTIDOR'),
	(99,'SACERDOTE / MONJA '),
	(100,'SECRETARIA, RECEPCIONISTA, TELEFONISTA'),
	(101,'SEGURIDAD / GUARDAESPALDA / GUARDIA DE SEGURIDAD'),
	(102,'SERVICIO DE ALMACENAMIENTO/ALMACENERO'),
	(103,'SERVICIO DE ALQUILER DE VEHICULOS'),
	(104,'SERVICIO DE ALQUILER DE VIDEOS, EQUIPOS DE SONIDO'),
	(105,'SOCIOLOGO'),
	(106,'TASADOR'),
	(107,'TECNICO'),
	(108,'TORERO'),
	(109,'TRAMITADOR'),
	(110,'TRANSPORTE DE CARGA Y/O MUDANZA'),
	(111,'TRANSPORTISTA'),
	(112,'VENDEDOR AMBULANTE'),
	(113,'VETERINARIO, ZOOLOGO, ZOOTECNICO'),
	(114,'VISITADOR MÉDICO'),
	(115,'ZAPATERO'),
	(116,'OTROS  (señalar)'),
	(117,'NO DECLARA');

/*!40000 ALTER TABLE `Profesiones` ENABLE KEYS */;
UNLOCK TABLES;


# Dump of table representantes
# ------------------------------------------------------------

DROP TABLE IF EXISTS `representantes`;

CREATE TABLE `representantes` (
  `Cod_Representante` int(10) unsigned NOT NULL AUTO_INCREMENT,
  `Nro_Documento` varchar(10) NOT NULL DEFAULT '',
  `Cod_Socio` int(10) unsigned NOT NULL,
  `Tipo_Documento` varchar(3) DEFAULT NULL,
  `Ape_Paterno` varchar(20) DEFAULT NULL,
  `Ape_Materno` varchar(20) DEFAULT NULL,
  `Nombres` varchar(20) DEFAULT NULL,
  `Cargo` decimal(3,0) DEFAULT NULL,
  `Fecha_Cargo` date DEFAULT NULL,
  `Fecha_Registro` date DEFAULT NULL,
  `Usuario_Registro` varchar(10) DEFAULT NULL,
  `Hora_Registro` time DEFAULT NULL,
  `Usuario_Modifica` varchar(10) DEFAULT NULL,
  `Fecha_Modifica` date DEFAULT NULL,
  `Hora_Modifica` time DEFAULT NULL,
  `Nom_Cargo` varchar(70) DEFAULT NULL,
  PRIMARY KEY (`Cod_Representante`),
  KEY `FKqrifckbo2mr3kqmcumm4vk7kv` (`Cod_Socio`),
  CONSTRAINT `FKirh5us140kxdui2dwikjmw4k3` FOREIGN KEY (`Cod_Socio`) REFERENCES `clientes` (`Cod_Socio`),
  CONSTRAINT `FKqrifckbo2mr3kqmcumm4vk7kv` FOREIGN KEY (`Cod_Socio`) REFERENCES `Clientes` (`Cod_Socio`)
) ENGINE=InnoDB DEFAULT CHARSET=latin1;

LOCK TABLES `representantes` WRITE;
/*!40000 ALTER TABLE `representantes` DISABLE KEYS */;

INSERT INTO `representantes` (`Cod_Representante`, `Nro_Documento`, `Cod_Socio`, `Tipo_Documento`, `Ape_Paterno`, `Ape_Materno`, `Nombres`, `Cargo`, `Fecha_Cargo`, `Fecha_Registro`, `Usuario_Registro`, `Hora_Registro`, `Usuario_Modifica`, `Fecha_Modifica`, `Hora_Modifica`, `Nom_Cargo`)
VALUES
	(2,'41191089',30,'DNI','OCHOA','ROSALES','ARMIDA',31,'2020-03-28',NULL,NULL,NULL,NULL,NULL,NULL,'SUB-PREFECTO'),
	(3,'25723525',28,'DNI','DIAZ','DIAZ','AMADEO',10,'2020-04-03',NULL,NULL,NULL,NULL,NULL,NULL,'DECANO'),
	(4,'25723525',33,'DNI','DIAZ','DIAZ','JOSE',18,'2020-04-17',NULL,NULL,NULL,NULL,NULL,NULL,'JUEZ ');

/*!40000 ALTER TABLE `representantes` ENABLE KEYS */;
UNLOCK TABLES;


# Dump of table Role
# ------------------------------------------------------------

DROP TABLE IF EXISTS `Role`;

CREATE TABLE `Role` (
  `Id` int(10) NOT NULL AUTO_INCREMENT,
  `Nom_Role` varchar(255) NOT NULL DEFAULT '',
  PRIMARY KEY (`Id`)
) ENGINE=InnoDB DEFAULT CHARSET=latin1;

LOCK TABLES `Role` WRITE;
/*!40000 ALTER TABLE `Role` DISABLE KEYS */;

INSERT INTO `Role` (`Id`, `Nom_Role`)
VALUES
	(1,'ROLE_ADMINISTRADOR'),
	(2,'ROLE_OPERADOR'),
	(3,'ROLE_SUPERVISOR');

/*!40000 ALTER TABLE `Role` ENABLE KEYS */;
UNLOCK TABLES;


# Dump of table Sexo
# ------------------------------------------------------------

DROP TABLE IF EXISTS `Sexo`;

CREATE TABLE `Sexo` (
  `Codigo` varchar(1) NOT NULL,
  `Descripcion` varchar(10) DEFAULT NULL,
  PRIMARY KEY (`Codigo`)
) ENGINE=InnoDB DEFAULT CHARSET=latin1;

LOCK TABLES `Sexo` WRITE;
/*!40000 ALTER TABLE `Sexo` DISABLE KEYS */;

INSERT INTO `Sexo` (`Codigo`, `Descripcion`)
VALUES
	('F','FEMENINO'),
	('M','MASCULINO');

/*!40000 ALTER TABLE `Sexo` ENABLE KEYS */;
UNLOCK TABLES;


# Dump of table Tamano_Empresa
# ------------------------------------------------------------

DROP TABLE IF EXISTS `Tamano_Empresa`;

CREATE TABLE `Tamano_Empresa` (
  `Codigo` int(10) unsigned NOT NULL AUTO_INCREMENT,
  `Descripcion` varchar(20) DEFAULT NULL,
  PRIMARY KEY (`Codigo`)
) ENGINE=InnoDB DEFAULT CHARSET=latin1;

LOCK TABLES `Tamano_Empresa` WRITE;
/*!40000 ALTER TABLE `Tamano_Empresa` DISABLE KEYS */;

INSERT INTO `Tamano_Empresa` (`Codigo`, `Descripcion`)
VALUES
	(1,'MICRO EMPRESA'),
	(2,'PEQUEÑA EMPRESA'),
	(3,'MEDIANA EMPRESA'),
	(4,'GRAN EMPRESA');

/*!40000 ALTER TABLE `Tamano_Empresa` ENABLE KEYS */;
UNLOCK TABLES;


# Dump of table Tipos_Direccion
# ------------------------------------------------------------

DROP TABLE IF EXISTS `Tipos_Direccion`;

CREATE TABLE `Tipos_Direccion` (
  `Codigo` varchar(1) NOT NULL,
  `Descripcion` varchar(12) DEFAULT NULL,
  PRIMARY KEY (`Codigo`)
) ENGINE=InnoDB DEFAULT CHARSET=latin1;

LOCK TABLES `Tipos_Direccion` WRITE;
/*!40000 ALTER TABLE `Tipos_Direccion` DISABLE KEYS */;

INSERT INTO `Tipos_Direccion` (`Codigo`, `Descripcion`)
VALUES
	('D','DOMICILIARIA'),
	('G','LEGAL'),
	('L','LABORAL');

/*!40000 ALTER TABLE `Tipos_Direccion` ENABLE KEYS */;
UNLOCK TABLES;


# Dump of table Tipos_Documento
# ------------------------------------------------------------

DROP TABLE IF EXISTS `Tipos_Documento`;

CREATE TABLE `Tipos_Documento` (
  `Codigo` varchar(3) NOT NULL,
  `Descripcion` varchar(20) DEFAULT NULL,
  PRIMARY KEY (`Codigo`)
) ENGINE=InnoDB DEFAULT CHARSET=latin1;

LOCK TABLES `Tipos_Documento` WRITE;
/*!40000 ALTER TABLE `Tipos_Documento` DISABLE KEYS */;

INSERT INTO `Tipos_Documento` (`Codigo`, `Descripcion`)
VALUES
	('CE','Carnet Extranjería'),
	('CI','CI'),
	('DNI','DNI'),
	('PAS','Pasaporte'),
	('RUC','RUC'),
	('SFL','SFL');

/*!40000 ALTER TABLE `Tipos_Documento` ENABLE KEYS */;
UNLOCK TABLES;


# Dump of table Tipos_Empresa
# ------------------------------------------------------------

DROP TABLE IF EXISTS `Tipos_Empresa`;

CREATE TABLE `Tipos_Empresa` (
  `Codigo` int(10) unsigned NOT NULL AUTO_INCREMENT,
  `Descripcion` varchar(10) DEFAULT NULL,
  PRIMARY KEY (`Codigo`)
) ENGINE=InnoDB DEFAULT CHARSET=latin1;

LOCK TABLES `Tipos_Empresa` WRITE;
/*!40000 ALTER TABLE `Tipos_Empresa` DISABLE KEYS */;

INSERT INTO `Tipos_Empresa` (`Codigo`, `Descripcion`)
VALUES
	(1,'S.A.'),
	(2,'S.A.C.'),
	(3,'S.R.L.'),
	(4,'E.I.R.L.'),
	(5,'S.A.A.');

/*!40000 ALTER TABLE `Tipos_Empresa` ENABLE KEYS */;
UNLOCK TABLES;


# Dump of table Tipos_Persona
# ------------------------------------------------------------

DROP TABLE IF EXISTS `Tipos_Persona`;

CREATE TABLE `Tipos_Persona` (
  `Codigo` int(10) unsigned NOT NULL AUTO_INCREMENT,
  `Descripcion` varchar(10) DEFAULT NULL,
  PRIMARY KEY (`Codigo`)
) ENGINE=InnoDB DEFAULT CHARSET=latin1;

LOCK TABLES `Tipos_Persona` WRITE;
/*!40000 ALTER TABLE `Tipos_Persona` DISABLE KEYS */;

INSERT INTO `Tipos_Persona` (`Codigo`, `Descripcion`)
VALUES
	(1,'JURIDICA'),
	(2,'NATURAL');

/*!40000 ALTER TABLE `Tipos_Persona` ENABLE KEYS */;
UNLOCK TABLES;


# Dump of table Tipos_Vivienda
# ------------------------------------------------------------

DROP TABLE IF EXISTS `Tipos_Vivienda`;

CREATE TABLE `Tipos_Vivienda` (
  `Codigo` int(10) unsigned NOT NULL AUTO_INCREMENT,
  `Descripcion` varchar(20) DEFAULT NULL,
  PRIMARY KEY (`Codigo`)
) ENGINE=InnoDB DEFAULT CHARSET=latin1;

LOCK TABLES `Tipos_Vivienda` WRITE;
/*!40000 ALTER TABLE `Tipos_Vivienda` DISABLE KEYS */;

INSERT INTO `Tipos_Vivienda` (`Codigo`, `Descripcion`)
VALUES
	(1,'PROPIA'),
	(2,'ALQUILADA'),
	(3,'OTROS');

/*!40000 ALTER TABLE `Tipos_Vivienda` ENABLE KEYS */;
UNLOCK TABLES;


# Dump of table Ubigeo
# ------------------------------------------------------------

DROP TABLE IF EXISTS `Ubigeo`;

CREATE TABLE `Ubigeo` (
  `Codigo` varchar(6) NOT NULL,
  `Cod_Dpto` varchar(2) DEFAULT NULL,
  `Cod_Provincia` varchar(2) DEFAULT NULL,
  `Cod_Distrito` varchar(2) DEFAULT NULL,
  `Descripcion` varchar(40) DEFAULT NULL,
  PRIMARY KEY (`Codigo`)
) ENGINE=InnoDB DEFAULT CHARSET=latin1;

LOCK TABLES `Ubigeo` WRITE;
/*!40000 ALTER TABLE `Ubigeo` DISABLE KEYS */;

INSERT INTO `Ubigeo` (`Codigo`, `Cod_Dpto`, `Cod_Provincia`, `Cod_Distrito`, `Descripcion`)
VALUES
	('010000','01','00','00','Amazonas'),
	('010100','01','01','00','Chachapoyas'),
	('010101','01','01','01','Chachapoyas'),
	('010102','01','01','02','Asuncion'),
	('010103','01','01','03','Balsas'),
	('010104','01','01','04','Cheto'),
	('010105','01','01','05','Chiliquin'),
	('010106','01','01','06','Chuquibamba'),
	('010107','01','01','07','Granada'),
	('010108','01','01','08','Huancas'),
	('010109','01','01','09','La Jalca'),
	('010110','01','01','10','Leimebamba'),
	('010111','01','01','11','Levanto'),
	('010112','01','01','12','Magdalena'),
	('010113','01','01','13','Mariscal Castilla'),
	('010114','01','01','14','Molinopampa'),
	('010115','01','01','15','Montevideo'),
	('010116','01','01','16','Olleros'),
	('010117','01','01','17','Quinjalca'),
	('010118','01','01','18','San Francisco de Daguas'),
	('010119','01','01','19','San Isidro de Maino'),
	('010120','01','01','20','Soloco'),
	('010121','01','01','21','Sonche'),
	('010200','01','02','00','Bagua'),
	('010201','01','02','01','Bagua'),
	('010202','01','02','02','Aramango'),
	('010203','01','02','03','Copallin'),
	('010204','01','02','04','El Parco'),
	('010205','01','02','05','Imaza'),
	('010206','01','02','06','La Peca'),
	('010300','01','03','00','Bongara'),
	('010301','01','03','01','Jumbilla'),
	('010302','01','03','02','Chisquilla'),
	('010303','01','03','03','Churuja'),
	('010304','01','03','04','Corosha'),
	('010305','01','03','05','Cuispes'),
	('010306','01','03','06','Florida'),
	('010307','01','03','07','Jazán'),
	('010308','01','03','08','Recta'),
	('010309','01','03','09','San Carlos'),
	('010310','01','03','10','Shipasbamba'),
	('010311','01','03','11','Valera'),
	('010312','01','03','12','Yambrasbamba'),
	('010400','01','04','00','Condorcanqui'),
	('010401','01','04','01','Nieva'),
	('010402','01','04','02','El Cenepa'),
	('010403','01','04','03','Rio Santiago'),
	('010500','01','05','00','Luya'),
	('010501','01','05','01','Lamud'),
	('010502','01','05','02','Camporredondo'),
	('010503','01','05','03','Cocabamba'),
	('010504','01','05','04','Colcamar'),
	('010505','01','05','05','Conila'),
	('010506','01','05','06','Inguilpata'),
	('010507','01','05','07','Longuita'),
	('010508','01','05','08','Lonya Chico'),
	('010509','01','05','09','Luya'),
	('010510','01','05','10','Luya Viejo'),
	('010511','01','05','11','Maria'),
	('010512','01','05','12','Ocalli'),
	('010513','01','05','13','Ocumal'),
	('010514','01','05','14','Pisuquia'),
	('010515','01','05','15','Providencia'),
	('010516','01','05','16','San Cristobal'),
	('010517','01','05','17','San Francisco del Yeso'),
	('010518','01','05','18','San Jeronimo'),
	('010519','01','05','19','San Juan de Lopecancha'),
	('010520','01','05','20','Santa Catalina'),
	('010521','01','05','21','Santo Tomas'),
	('010522','01','05','22','Tingo'),
	('010523','01','05','23','Trita'),
	('010600','01','06','00','Rodriguez de Mendoza'),
	('010601','01','06','01','San Nicolas'),
	('010602','01','06','02','Chirimoto'),
	('010603','01','06','03','Cochamal'),
	('010604','01','06','04','Huambo'),
	('010605','01','06','05','Limabamba'),
	('010606','01','06','06','Longar'),
	('010607','01','06','07','Mariscal Benavides'),
	('010608','01','06','08','Milpuc'),
	('010609','01','06','09','Omia'),
	('010610','01','06','10','Santa Rosa'),
	('010611','01','06','11','Totora'),
	('010612','01','06','12','Vista Alegre'),
	('010700','01','07','00','Utcubamba'),
	('010701','01','07','01','Bagua Grande'),
	('010702','01','07','02','Cajaruro'),
	('010703','01','07','03','Cumba'),
	('010704','01','07','04','El Milagro'),
	('010705','01','07','05','Jamalca'),
	('010706','01','07','06','Lonya Grande'),
	('010707','01','07','07','Yamon'),
	('020000','02','00','00','Ancash'),
	('020100','02','01','00','Huaraz'),
	('020101','02','01','01','Huaraz'),
	('020102','02','01','02','Cochabamba'),
	('020103','02','01','03','Colcabamba'),
	('020104','02','01','04','Huanchay'),
	('020105','02','01','05','Independencia'),
	('020106','02','01','06','Jangas'),
	('020107','02','01','07','La Libertad'),
	('020108','02','01','08','Olleros'),
	('020109','02','01','09','Pampas'),
	('020110','02','01','10','Pariacoto'),
	('020111','02','01','11','Pira'),
	('020112','02','01','12','Tarica'),
	('020200','02','02','00','Aija'),
	('020201','02','02','01','Aija'),
	('020202','02','02','02','Coris'),
	('020203','02','02','03','Huacllan'),
	('020204','02','02','04','La Merced'),
	('020205','02','02','05','Succha'),
	('020300','02','03','00','Antonio Raymondi'),
	('020301','02','03','01','Llamellin'),
	('020302','02','03','02','Aczo'),
	('020303','02','03','03','Chaccho'),
	('020304','02','03','04','Chingas'),
	('020305','02','03','05','Mirgas'),
	('020306','02','03','06','San Juan de Rontoy'),
	('020400','02','04','00','Asuncion'),
	('020401','02','04','01','Chacas'),
	('020402','02','04','02','Acochaca'),
	('020500','02','05','00','Bolognesi'),
	('020501','02','05','01','Chiquian'),
	('020502','02','05','02','Abelardo Pardo Lezameta'),
	('020503','02','05','03','Antonio Raymondi'),
	('020504','02','05','04','Aquia'),
	('020505','02','05','05','Cajacay'),
	('020506','02','05','06','Canis'),
	('020507','02','05','07','Colquioc'),
	('020508','02','05','08','Huallanca'),
	('020509','02','05','09','Huasta'),
	('020510','02','05','10','Huayllacayan'),
	('020511','02','05','11','La Primavera'),
	('020512','02','05','12','Mangas'),
	('020513','02','05','13','Pacllon'),
	('020514','02','05','14','San Miguel de Corpanqui'),
	('020515','02','05','15','Ticllos'),
	('020600','02','06','00','Carhuaz'),
	('020601','02','06','01','Carhuaz'),
	('020602','02','06','02','Acopampa'),
	('020603','02','06','03','Amashca'),
	('020604','02','06','04','Anta'),
	('020605','02','06','05','Ataquero'),
	('020606','02','06','06','Marcara'),
	('020607','02','06','07','Pariahuanca'),
	('020608','02','06','08','San Miguel de Aco'),
	('020609','02','06','09','Shilla'),
	('020610','02','06','10','Tinco'),
	('020611','02','06','11','Yungar'),
	('020700','02','07','00','Carlos Fermin Fitzcarrald'),
	('020701','02','07','01','San Luis'),
	('020702','02','07','02','San Nicolas'),
	('020703','02','07','03','Yauya'),
	('020800','02','08','00','Casma'),
	('020801','02','08','01','Casma'),
	('020802','02','08','02','Buena Vista Alta'),
	('020803','02','08','03','Comandante Noel'),
	('020804','02','08','04','Yautan'),
	('020900','02','09','00','Corongo'),
	('020901','02','09','01','Corongo'),
	('020902','02','09','02','Aco'),
	('020903','02','09','03','Bambas'),
	('020904','02','09','04','Cusca'),
	('020905','02','09','05','La Pampa'),
	('020906','02','09','06','Yanac'),
	('020907','02','09','07','Yupan'),
	('021000','02','10','00','Huari'),
	('021001','02','10','01','Huari'),
	('021002','02','10','02','Anra'),
	('021003','02','10','03','Cajay'),
	('021004','02','10','04','Chavin de Huantar'),
	('021005','02','10','05','Huacachi'),
	('021006','02','10','06','Huacchis'),
	('021007','02','10','07','Huachis'),
	('021008','02','10','08','Huantar'),
	('021009','02','10','09','Masin'),
	('021010','02','10','10','Paucas'),
	('021011','02','10','11','Ponto'),
	('021012','02','10','12','Rahuapampa'),
	('021013','02','10','13','Rapayan'),
	('021014','02','10','14','San Marcos'),
	('021015','02','10','15','San Pedro de Chana'),
	('021016','02','10','16','Uco'),
	('021100','02','11','00','Huarmey'),
	('021101','02','11','01','Huarmey'),
	('021102','02','11','02','Cochapeti'),
	('021103','02','11','03','Culebras'),
	('021104','02','11','04','Huayan'),
	('021105','02','11','05','Malvas'),
	('021200','02','12','00','Huaylas'),
	('021201','02','12','01','Caraz'),
	('021202','02','12','02','Huallanca'),
	('021203','02','12','03','Huata'),
	('021204','02','12','04','Huaylas'),
	('021205','02','12','05','Mato'),
	('021206','02','12','06','Pamparomas'),
	('021207','02','12','07','Pueblo Libre'),
	('021208','02','12','08','Santa Cruz'),
	('021209','02','12','09','Santo Toribio'),
	('021210','02','12','10','Yuracmarca'),
	('021300','02','13','00','Mariscal Luzuriaga'),
	('021301','02','13','01','Piscobamba'),
	('021302','02','13','02','Casca'),
	('021303','02','13','03','Eleazar Guzman Barron'),
	('021304','02','13','04','Fidel Olivas Escudero'),
	('021305','02','13','05','Llama'),
	('021306','02','13','06','Llumpa'),
	('021307','02','13','07','Lucma'),
	('021308','02','13','08','Musga'),
	('021400','02','14','00','Ocros'),
	('021401','02','14','01','Ocros'),
	('021402','02','14','02','Acas'),
	('021403','02','14','03','Cajamarquilla'),
	('021404','02','14','04','Carhuapampa'),
	('021405','02','14','05','Cochas'),
	('021406','02','14','06','Congas'),
	('021407','02','14','07','Llipa'),
	('021408','02','14','08','San Cristobal de Rajan'),
	('021409','02','14','09','San Pedro'),
	('021410','02','14','10','Santiago de Chilcas'),
	('021500','02','15','00','Pallasca'),
	('021501','02','15','01','Cabana'),
	('021502','02','15','02','Bolognesi'),
	('021503','02','15','03','Conchucos'),
	('021504','02','15','04','Huacaschuque'),
	('021505','02','15','05','Huandoval'),
	('021506','02','15','06','Lacabamba'),
	('021507','02','15','07','Llapo'),
	('021508','02','15','08','Pallasca'),
	('021509','02','15','09','Pampas'),
	('021510','02','15','10','Santa Rosa'),
	('021511','02','15','11','Tauca'),
	('021600','02','16','00','Pomabamba'),
	('021601','02','16','01','Pomabamba'),
	('021602','02','16','02','Huayllan'),
	('021603','02','16','03','Parobamba'),
	('021604','02','16','04','Quinuabamba'),
	('021700','02','17','00','Recuay'),
	('021701','02','17','01','Recuay'),
	('021702','02','17','02','Catac'),
	('021703','02','17','03','Cotaparaco'),
	('021704','02','17','04','Huayllapampa'),
	('021705','02','17','05','Llacllin'),
	('021706','02','17','06','Marca'),
	('021707','02','17','07','Pampas Chico'),
	('021708','02','17','08','Pararin'),
	('021709','02','17','09','Tapacocha'),
	('021710','02','17','10','Ticapampa'),
	('021800','02','18','00','Santa'),
	('021801','02','18','01','Chimbote'),
	('021802','02','18','02','Caceres del Peru'),
	('021803','02','18','03','Coishco'),
	('021804','02','18','04','Macate'),
	('021805','02','18','05','Moro'),
	('021806','02','18','06','Nepeña'),
	('021807','02','18','07','Samanco'),
	('021808','02','18','08','Santa'),
	('021809','02','18','09','Nuevo Chimbote'),
	('021900','02','19','00','Sihuas'),
	('021901','02','19','01','Sihuas'),
	('021902','02','19','02','Acobamba'),
	('021903','02','19','03','Alfonso Ugarte'),
	('021904','02','19','04','Cashapampa'),
	('021905','02','19','05','Chingalpo'),
	('021906','02','19','06','Huayllabamba'),
	('021907','02','19','07','Quiches'),
	('021908','02','19','08','Ragash'),
	('021909','02','19','09','San Juan'),
	('021910','02','19','10','Sicsibamba'),
	('022000','02','20','00','Yungay'),
	('022001','02','20','01','Yungay'),
	('022002','02','20','02','Cascapara'),
	('022003','02','20','03','Mancos'),
	('022004','02','20','04','Matacoto'),
	('022005','02','20','05','Quillo'),
	('022006','02','20','06','Ranrahirca'),
	('022007','02','20','07','Shupluy'),
	('022008','02','20','08','Yanama'),
	('030000','03','00','00','Apurimac'),
	('030100','03','01','00','Abancay'),
	('030101','03','01','01','Abancay'),
	('030102','03','01','02','Chacoche'),
	('030103','03','01','03','Circa'),
	('030104','03','01','04','Curahuasi'),
	('030105','03','01','05','Huanipaca'),
	('030106','03','01','06','Lambrama'),
	('030107','03','01','07','Pichirhua'),
	('030108','03','01','08','San Pedro de Cachora'),
	('030109','03','01','09','Tamburco'),
	('030200','03','02','00','Andahuaylas'),
	('030201','03','02','01','Andahuaylas'),
	('030202','03','02','02','Andarapa'),
	('030203','03','02','03','Chiara'),
	('030204','03','02','04','Huancarama'),
	('030205','03','02','05','Huancaray'),
	('030206','03','02','06','Huayana'),
	('030207','03','02','07','Kishuara'),
	('030208','03','02','08','Pacobamba'),
	('030209','03','02','09','Pacucha'),
	('030210','03','02','10','Pampachiri'),
	('030211','03','02','11','Pomacocha'),
	('030212','03','02','12','San Antonio de Cachi'),
	('030213','03','02','13','San Jeronimo'),
	('030214','03','02','14','San Miguel de Chaccrampa'),
	('030215','03','02','15','Santa Maria de Chicmo'),
	('030216','03','02','16','Talavera'),
	('030217','03','02','17','Tumay Huaraca'),
	('030218','03','02','18','Turpo'),
	('030219','03','02','19','Kaquiabamba'),
	('030300','03','03','00','Antabamba'),
	('030301','03','03','01','Antabamba'),
	('030302','03','03','02','El Oro'),
	('030303','03','03','03','Huaquirca'),
	('030304','03','03','04','Juan Espinoza Medrano'),
	('030305','03','03','05','Oropesa'),
	('030306','03','03','06','Pachaconas'),
	('030307','03','03','07','Sabaino'),
	('030400','03','04','00','Aymaraes'),
	('030401','03','04','01','Chalhuanca'),
	('030402','03','04','02','Capaya'),
	('030403','03','04','03','Caraybamba'),
	('030404','03','04','04','Chapimarca'),
	('030405','03','04','05','Colcabamba'),
	('030406','03','04','06','Cotaruse'),
	('030407','03','04','07','Huayllo'),
	('030408','03','04','08','Justo Apu Sahuaraura'),
	('030409','03','04','09','Lucre'),
	('030410','03','04','10','Pocohuanca'),
	('030411','03','04','11','San Juan de Chacña'),
	('030412','03','04','12','Sañayca'),
	('030413','03','04','13','Soraya'),
	('030414','03','04','14','Tapairihua'),
	('030415','03','04','15','Tintay'),
	('030416','03','04','16','Toraya'),
	('030417','03','04','17','Yanaca'),
	('030500','03','05','00','Cotabambas'),
	('030501','03','05','01','Tambobamba'),
	('030502','03','05','02','Cotabambas'),
	('030503','03','05','03','Coyllurqui'),
	('030504','03','05','04','Haquira'),
	('030505','03','05','05','Mara'),
	('030506','03','05','06','Challhuahuacho'),
	('030600','03','06','00','Chincheros'),
	('030601','03','06','01','Chincheros'),
	('030602','03','06','02','Anco-Huallo'),
	('030603','03','06','03','Cocharcas'),
	('030604','03','06','04','Huaccana'),
	('030605','03','06','05','Ocobamba'),
	('030606','03','06','06','Ongoy'),
	('030607','03','06','07','Uranmarca'),
	('030608','03','06','08','Ranracancha'),
	('030700','03','07','00','Grau'),
	('030701','03','07','01','Chuquibambilla'),
	('030702','03','07','02','Curpahuasi'),
	('030703','03','07','03','Gamarra'),
	('030704','03','07','04','Huayllati'),
	('030705','03','07','05','Mamara'),
	('030706','03','07','06','Micaela Bastidas'),
	('030707','03','07','07','Pataypampa'),
	('030708','03','07','08','Progreso'),
	('030709','03','07','09','San Antonio'),
	('030710','03','07','10','Santa Rosa'),
	('030711','03','07','11','Turpay'),
	('030712','03','07','12','Vilcabamba'),
	('030713','03','07','13','Virundo'),
	('030714','03','07','14','Curasco'),
	('040000','04','00','00','Arequipa'),
	('040100','04','01','00','Arequipa'),
	('040101','04','01','01','Arequipa'),
	('040102','04','01','02','Alto Selva Alegre'),
	('040103','04','01','03','Cayma'),
	('040104','04','01','04','Cerro Colorado'),
	('040105','04','01','05','Characato'),
	('040106','04','01','06','Chiguata'),
	('040107','04','01','07','Jacobo Hunter'),
	('040108','04','01','08','La Joya'),
	('040109','04','01','09','Mariano Melgar'),
	('040110','04','01','10','Miraflores'),
	('040111','04','01','11','Mollebaya'),
	('040112','04','01','12','Paucarpata'),
	('040113','04','01','13','Pocsi'),
	('040114','04','01','14','Polobaya'),
	('040115','04','01','15','Quequeña'),
	('040116','04','01','16','Sabandia'),
	('040117','04','01','17','Sachaca'),
	('040118','04','01','18','San Juan de Siguas'),
	('040119','04','01','19','San Juan de Tarucani'),
	('040120','04','01','20','Santa Isabel de Siguas'),
	('040121','04','01','21','Santa Rita de Siguas'),
	('040122','04','01','22','Socabaya'),
	('040123','04','01','23','Tiabaya'),
	('040124','04','01','24','Uchumayo'),
	('040125','04','01','25','Vitor'),
	('040126','04','01','26','Yanahuara'),
	('040127','04','01','27','Yarabamba'),
	('040128','04','01','28','Yura'),
	('040129','04','01','29','Jose Luis Bustamante y Rivero'),
	('040200','04','02','00','Camana'),
	('040201','04','02','01','Camana'),
	('040202','04','02','02','Jose Maria Quimper'),
	('040203','04','02','03','Mariano Nicolas Valcarcel'),
	('040204','04','02','04','Mariscal Caceres'),
	('040205','04','02','05','Nicolas de Pierola'),
	('040206','04','02','06','Ocoña'),
	('040207','04','02','07','Quilca'),
	('040208','04','02','08','Samuel Pastor'),
	('040300','04','03','00','Caraveli'),
	('040301','04','03','01','Caraveli'),
	('040302','04','03','02','Acari'),
	('040303','04','03','03','Atico'),
	('040304','04','03','04','Atiquipa'),
	('040305','04','03','05','Bella Union'),
	('040306','04','03','06','Cahuacho'),
	('040307','04','03','07','Chala'),
	('040308','04','03','08','Chaparra'),
	('040309','04','03','09','Huanuhuanu'),
	('040310','04','03','10','Jaqui'),
	('040311','04','03','11','Lomas'),
	('040312','04','03','12','Quicacha'),
	('040313','04','03','13','Yauca'),
	('040400','04','04','00','Castilla'),
	('040401','04','04','01','Aplao'),
	('040402','04','04','02','Andagua'),
	('040403','04','04','03','Ayo'),
	('040404','04','04','04','Chachas'),
	('040405','04','04','05','Chilcaymarca'),
	('040406','04','04','06','Choco'),
	('040407','04','04','07','Huancarqui'),
	('040408','04','04','08','Machaguay'),
	('040409','04','04','09','Orcopampa'),
	('040410','04','04','10','Pampacolca'),
	('040411','04','04','11','Tipan'),
	('040412','04','04','12','Uñon'),
	('040413','04','04','13','Uraca'),
	('040414','04','04','14','Viraco'),
	('040500','04','05','00','Caylloma'),
	('040501','04','05','01','Chivay'),
	('040502','04','05','02','Achoma'),
	('040503','04','05','03','Cabanaconde'),
	('040504','04','05','04','Callalli'),
	('040505','04','05','05','Caylloma'),
	('040506','04','05','06','Coporaque'),
	('040507','04','05','07','Huambo'),
	('040508','04','05','08','Huanca'),
	('040509','04','05','09','Ichupampa'),
	('040510','04','05','10','Lari'),
	('040511','04','05','11','Lluta'),
	('040512','04','05','12','Maca'),
	('040513','04','05','13','Madrigal'),
	('040514','04','05','14','San Antonio de Chuca'),
	('040515','04','05','15','Sibayo'),
	('040516','04','05','16','Tapay'),
	('040517','04','05','17','Tisco'),
	('040518','04','05','18','Tuti'),
	('040519','04','05','19','Yanque'),
	('040520','04','05','20','Majes'),
	('040600','04','06','00','Condesuyos'),
	('040601','04','06','01','Chuquibamba'),
	('040602','04','06','02','Andaray'),
	('040603','04','06','03','Cayarani'),
	('040604','04','06','04','Chichas'),
	('040605','04','06','05','Iray'),
	('040606','04','06','06','Rio Grande'),
	('040607','04','06','07','Salamanca'),
	('040608','04','06','08','Yanaquihua'),
	('040700','04','07','00','Islay'),
	('040701','04','07','01','Mollendo'),
	('040702','04','07','02','Cocachacra'),
	('040703','04','07','03','Dean Valdivia'),
	('040704','04','07','04','Islay'),
	('040705','04','07','05','Mejia'),
	('040706','04','07','06','Punta de Bombon'),
	('040800','04','08','00','La Union'),
	('040801','04','08','01','Cotahuasi'),
	('040802','04','08','02','Alca'),
	('040803','04','08','03','Charcana'),
	('040804','04','08','04','Huaynacotas'),
	('040805','04','08','05','Pampamarca'),
	('040806','04','08','06','Puyca'),
	('040807','04','08','07','Quechualla'),
	('040808','04','08','08','Sayla'),
	('040809','04','08','09','Tauria'),
	('040810','04','08','10','Tomepampa'),
	('040811','04','08','11','Toro'),
	('050000','05','00','00','Ayacucho'),
	('050100','05','01','00','Huamanga'),
	('050101','05','01','01','Ayacucho'),
	('050102','05','01','02','Acocro'),
	('050103','05','01','03','Acos Vinchos'),
	('050104','05','01','04','Carmen Alto'),
	('050105','05','01','05','Chiara'),
	('050106','05','01','06','Ocros'),
	('050107','05','01','07','Pacaycasa'),
	('050108','05','01','08','Quinua'),
	('050109','05','01','09','San Jose de Ticllas'),
	('050110','05','01','10','San Juan Bautista'),
	('050111','05','01','11','Santiago de Pischa'),
	('050112','05','01','12','Socos'),
	('050113','05','01','13','Tambillo'),
	('050114','05','01','14','Vinchos'),
	('050115','05','01','15','Jesús Nazareno'),
	('050116','05','01','16','Andrés Avelino Cáceres Dorregay'),
	('050200','05','02','00','Cangallo'),
	('050201','05','02','01','Cangallo'),
	('050202','05','02','02','Chuschi'),
	('050203','05','02','03','Los Morochucos'),
	('050204','05','02','04','Maria Parado de Bellido'),
	('050205','05','02','05','Paras'),
	('050206','05','02','06','Totos'),
	('050300','05','03','00','Huanca Sancos'),
	('050301','05','03','01','Sancos'),
	('050302','05','03','02','Carapo'),
	('050303','05','03','03','Sacsamarca'),
	('050304','05','03','04','Santiago de Lucanamarca'),
	('050400','05','04','00','Huanta'),
	('050401','05','04','01','Huanta'),
	('050402','05','04','02','Ayahuanco'),
	('050403','05','04','03','Huamanguilla'),
	('050404','05','04','04','Iguain'),
	('050405','05','04','05','Luricocha'),
	('050406','05','04','06','Santillana'),
	('050407','05','04','07','Sivia'),
	('050408','05','04','08','Llochegua'),
	('050409','05','04','09','Canayre'),
	('050410','05','04','10','Uchuraccay'),
	('050411','05','04','11','Pucacolpa'),
	('050500','05','05','00','La Mar'),
	('050501','05','05','01','San Miguel'),
	('050502','05','05','02','Anco'),
	('050503','05','05','03','Ayna'),
	('050504','05','05','04','Chilcas'),
	('050505','05','05','05','Chungui'),
	('050506','05','05','06','Luis Carranza'),
	('050507','05','05','07','Santa Rosa'),
	('050508','05','05','08','Tambo'),
	('050509','05','05','09','Samugari'),
	('050510','05','05','10','Anchihuay'),
	('050600','05','06','00','Lucanas'),
	('050601','05','06','01','Puquio'),
	('050602','05','06','02','Aucara'),
	('050603','05','06','03','Cabana'),
	('050604','05','06','04','Carmen Salcedo'),
	('050605','05','06','05','Chaviña'),
	('050606','05','06','06','Chipao'),
	('050607','05','06','07','Huac-Huas'),
	('050608','05','06','08','Laramate'),
	('050609','05','06','09','Leoncio Prado'),
	('050610','05','06','10','Llauta'),
	('050611','05','06','11','Lucanas'),
	('050612','05','06','12','Ocaña'),
	('050613','05','06','13','Otoca'),
	('050614','05','06','14','Saisa'),
	('050615','05','06','15','San Cristobal'),
	('050616','05','06','16','San Juan'),
	('050617','05','06','17','San Pedro'),
	('050618','05','06','18','San Pedro de Palco'),
	('050619','05','06','19','Sancos'),
	('050620','05','06','20','Santa Ana de Huaycahuacho'),
	('050621','05','06','21','Santa Lucia'),
	('050700','05','07','00','Parinacochas'),
	('050701','05','07','01','Coracora'),
	('050702','05','07','02','Chumpi'),
	('050703','05','07','03','Coronel Castañeda'),
	('050704','05','07','04','Pacapausa'),
	('050705','05','07','05','Pullo'),
	('050706','05','07','06','Puyusca'),
	('050707','05','07','07','San Francisco de Ravacayco'),
	('050708','05','07','08','Upahuacho'),
	('050800','05','08','00','Paucar del Sara Sara'),
	('050801','05','08','01','Pausa'),
	('050802','05','08','02','Colta'),
	('050803','05','08','03','Corculla'),
	('050804','05','08','04','Lampa'),
	('050805','05','08','05','Marcabamba'),
	('050806','05','08','06','Oyolo'),
	('050807','05','08','07','Pararca'),
	('050808','05','08','08','San Javier de Alpabamba'),
	('050809','05','08','09','San Jose de Ushua'),
	('050810','05','08','10','Sara Sara'),
	('050900','05','09','00','Sucre'),
	('050901','05','09','01','Querobamba'),
	('050902','05','09','02','Belen'),
	('050903','05','09','03','Chalcos'),
	('050904','05','09','04','Chilcayoc'),
	('050905','05','09','05','Huacaña'),
	('050906','05','09','06','Morcolla'),
	('050907','05','09','07','Paico'),
	('050908','05','09','08','San Pedro de Larcay'),
	('050909','05','09','09','San Salvador de Quije'),
	('050910','05','09','10','Santiago de Paucaray'),
	('050911','05','09','11','Soras'),
	('051000','05','10','00','Victor Fajardo'),
	('051001','05','10','01','Huancapi'),
	('051002','05','10','02','Alcamenca'),
	('051003','05','10','03','Apongo'),
	('051004','05','10','04','Asquipata'),
	('051005','05','10','05','Canaria'),
	('051006','05','10','06','Cayara'),
	('051007','05','10','07','Colca'),
	('051008','05','10','08','Huamanquiquia'),
	('051009','05','10','09','Huancaraylla'),
	('051010','05','10','10','Huaya'),
	('051011','05','10','11','Sarhua'),
	('051012','05','10','12','Vilcanchos'),
	('051100','05','11','00','Vilcas Huaman'),
	('051101','05','11','01','Vilcas Huaman'),
	('051102','05','11','02','Accomarca'),
	('051103','05','11','03','Carhuanca'),
	('051104','05','11','04','Concepcion'),
	('051105','05','11','05','Huambalpa'),
	('051106','05','11','06','Independencia'),
	('051107','05','11','07','Saurama'),
	('051108','05','11','08','Vischongo'),
	('060000','06','00','00','Cajamarca'),
	('060100','06','01','00','Cajamarca'),
	('060101','06','01','01','Cajamarca'),
	('060102','06','01','02','Asuncion'),
	('060103','06','01','03','Chetilla'),
	('060104','06','01','04','Cospan'),
	('060105','06','01','05','Encañada'),
	('060106','06','01','06','Jesus'),
	('060107','06','01','07','Llacanora'),
	('060108','06','01','08','Los Baños del Inca'),
	('060109','06','01','09','Magdalena'),
	('060110','06','01','10','Matara'),
	('060111','06','01','11','Namora'),
	('060112','06','01','12','San Juan'),
	('060200','06','02','00','Cajabamba'),
	('060201','06','02','01','Cajabamba'),
	('060202','06','02','02','Cachachi'),
	('060203','06','02','03','Condebamba'),
	('060204','06','02','04','Sitacocha'),
	('060300','06','03','00','Celendin'),
	('060301','06','03','01','Celendin'),
	('060302','06','03','02','Chumuch'),
	('060303','06','03','03','Cortegana'),
	('060304','06','03','04','Huasmin'),
	('060305','06','03','05','Jorge Chavez'),
	('060306','06','03','06','Jose Galvez'),
	('060307','06','03','07','Miguel Iglesias'),
	('060308','06','03','08','Oxamarca'),
	('060309','06','03','09','Sorochuco'),
	('060310','06','03','10','Sucre'),
	('060311','06','03','11','Utco'),
	('060312','06','03','12','La Libertad de Pallan'),
	('060400','06','04','00','Chota'),
	('060401','06','04','01','Chota'),
	('060402','06','04','02','Anguia'),
	('060403','06','04','03','Chadin'),
	('060404','06','04','04','Chiguirip'),
	('060405','06','04','05','Chimban'),
	('060406','06','04','06','Choropampa'),
	('060407','06','04','07','Cochabamba'),
	('060408','06','04','08','Conchan'),
	('060409','06','04','09','Huambos'),
	('060410','06','04','10','Lajas'),
	('060411','06','04','11','Llama'),
	('060412','06','04','12','Miracosta'),
	('060413','06','04','13','Paccha'),
	('060414','06','04','14','Pion'),
	('060415','06','04','15','Querocoto'),
	('060416','06','04','16','San Juan de Licupis'),
	('060417','06','04','17','Tacabamba'),
	('060418','06','04','18','Tocmoche'),
	('060419','06','04','19','Chalamarca'),
	('060500','06','05','00','Contumaza'),
	('060501','06','05','01','Contumaza'),
	('060502','06','05','02','Chilete'),
	('060503','06','05','03','Cupisnique'),
	('060504','06','05','04','Guzmango'),
	('060505','06','05','05','San Benito'),
	('060506','06','05','06','Santa Cruz de Toled'),
	('060507','06','05','07','Tantarica'),
	('060508','06','05','08','Yonan'),
	('060600','06','06','00','Cutervo'),
	('060601','06','06','01','Cutervo'),
	('060602','06','06','02','Callayuc'),
	('060603','06','06','03','Choros'),
	('060604','06','06','04','Cujillo'),
	('060605','06','06','05','La Ramada'),
	('060606','06','06','06','Pimpingos'),
	('060607','06','06','07','Querocotillo'),
	('060608','06','06','08','San Andres de Cutervo'),
	('060609','06','06','09','San Juan de Cutervo'),
	('060610','06','06','10','San Luis de Lucma'),
	('060611','06','06','11','Santa Cruz'),
	('060612','06','06','12','Santo Domingo de la Capilla'),
	('060613','06','06','13','Santo Tomas'),
	('060614','06','06','14','Socota'),
	('060615','06','06','15','Toribio Casanova'),
	('060700','06','07','00','Hualgayoc'),
	('060701','06','07','01','Bambamarca'),
	('060702','06','07','02','Chugur'),
	('060703','06','07','03','Hualgayoc'),
	('060800','06','08','00','Jaen'),
	('060801','06','08','01','Jaen'),
	('060802','06','08','02','Bellavista'),
	('060803','06','08','03','Chontali'),
	('060804','06','08','04','Colasay'),
	('060805','06','08','05','Huabal'),
	('060806','06','08','06','Las Pirias'),
	('060807','06','08','07','Pomahuaca'),
	('060808','06','08','08','Pucara'),
	('060809','06','08','09','Sallique'),
	('060810','06','08','10','San Felipe'),
	('060811','06','08','11','San Jose del Alto'),
	('060812','06','08','12','Santa Rosa'),
	('060900','06','09','00','San Ignacio'),
	('060901','06','09','01','San Ignacio'),
	('060902','06','09','02','Chirinos'),
	('060903','06','09','03','Huarango'),
	('060904','06','09','04','La Coipa'),
	('060905','06','09','05','Namballe'),
	('060906','06','09','06','San Jose de Lourdes'),
	('060907','06','09','07','Tabaconas'),
	('061000','06','10','00','San Marcos'),
	('061001','06','10','01','Pedro Galvez'),
	('061002','06','10','02','Chancay'),
	('061003','06','10','03','Eduardo Villanueva'),
	('061004','06','10','04','Gregorio Pita'),
	('061005','06','10','05','Ichocan'),
	('061006','06','10','06','Jose Manuel Quiroz'),
	('061007','06','10','07','Jose Sabogal'),
	('061100','06','11','00','San Miguel'),
	('061101','06','11','01','San Miguel'),
	('061102','06','11','02','Bolivar'),
	('061103','06','11','03','Calquis'),
	('061104','06','11','04','Catilluc'),
	('061105','06','11','05','El Prado'),
	('061106','06','11','06','La Florida'),
	('061107','06','11','07','Llapa'),
	('061108','06','11','08','Nanchoc'),
	('061109','06','11','09','Niepos'),
	('061110','06','11','10','San Gregorio'),
	('061111','06','11','11','San Silvestre de Cochan'),
	('061112','06','11','12','Tongod'),
	('061113','06','11','13','Union Agua Blanca'),
	('061200','06','12','00','San Pablo'),
	('061201','06','12','01','San Pablo'),
	('061202','06','12','02','San Bernardino'),
	('061203','06','12','03','San Luis'),
	('061204','06','12','04','Tumbaden'),
	('061300','06','13','00','Santa Cruz'),
	('061301','06','13','01','Santa Cruz'),
	('061302','06','13','02','Andabamba'),
	('061303','06','13','03','Catache'),
	('061304','06','13','04','Chancaybaños'),
	('061305','06','13','05','La Esperanza'),
	('061306','06','13','06','Ninabamba'),
	('061307','06','13','07','Pulan'),
	('061308','06','13','08','Saucepampa'),
	('061309','06','13','09','Sexi'),
	('061310','06','13','10','Uticyacu'),
	('061311','06','13','11','Yauyucan'),
	('070000','07','00','00','Callao'),
	('070100','07','01','00','Prov. Const. del Callao'),
	('070101','07','01','01','Callao'),
	('070102','07','01','02','Bellavista'),
	('070103','07','01','03','Carmen de la Legua Reynoso'),
	('070104','07','01','04','La Perla'),
	('070105','07','01','05','La Punta'),
	('070106','07','01','06','Ventanilla'),
	('070107','07','01','07','Mi Perú'),
	('080000','08','00','00','Cusco'),
	('080100','08','01','00','Cusco'),
	('080101','08','01','01','Cusco'),
	('080102','08','01','02','Ccorca'),
	('080103','08','01','03','Poroy'),
	('080104','08','01','04','San Jeronimo'),
	('080105','08','01','05','San Sebastian'),
	('080106','08','01','06','Santiago'),
	('080107','08','01','07','Saylla'),
	('080108','08','01','08','Wanchaq'),
	('080200','08','02','00','Acomayo'),
	('080201','08','02','01','Acomayo'),
	('080202','08','02','02','Acopia'),
	('080203','08','02','03','Acos'),
	('080204','08','02','04','Mosoc Llacta'),
	('080205','08','02','05','Pomacanchi'),
	('080206','08','02','06','Rondocan'),
	('080207','08','02','07','Sangarara'),
	('080300','08','03','00','Anta'),
	('080301','08','03','01','Anta'),
	('080302','08','03','02','Ancahuasi'),
	('080303','08','03','03','Cachimayo'),
	('080304','08','03','04','Chinchaypujio'),
	('080305','08','03','05','Huarocondo'),
	('080306','08','03','06','Limatambo'),
	('080307','08','03','07','Mollepata'),
	('080308','08','03','08','Pucyura'),
	('080309','08','03','09','Zurite'),
	('080400','08','04','00','Calca'),
	('080401','08','04','01','Calca'),
	('080402','08','04','02','Coya'),
	('080403','08','04','03','Lamay'),
	('080404','08','04','04','Lares'),
	('080405','08','04','05','Pisac'),
	('080406','08','04','06','San Salvador'),
	('080407','08','04','07','Taray'),
	('080408','08','04','08','Yanatile'),
	('080500','08','05','00','Canas'),
	('080501','08','05','01','Yanaoca'),
	('080502','08','05','02','Checca'),
	('080503','08','05','03','Kunturkanki'),
	('080504','08','05','04','Langui'),
	('080505','08','05','05','Layo'),
	('080506','08','05','06','Pampamarca'),
	('080507','08','05','07','Quehue'),
	('080508','08','05','08','Tupac Amaru'),
	('080600','08','06','00','Canchis'),
	('080601','08','06','01','Sicuani'),
	('080602','08','06','02','Checacupe'),
	('080603','08','06','03','Combapata'),
	('080604','08','06','04','Marangani'),
	('080605','08','06','05','Pitumarca'),
	('080606','08','06','06','San Pablo'),
	('080607','08','06','07','San Pedro'),
	('080608','08','06','08','Tinta'),
	('080700','08','07','00','Chumbivilcas'),
	('080701','08','07','01','Santo Tomas'),
	('080702','08','07','02','Capacmarca'),
	('080703','08','07','03','Chamaca'),
	('080704','08','07','04','Colquemarca'),
	('080705','08','07','05','Livitaca'),
	('080706','08','07','06','Llusco'),
	('080707','08','07','07','Quiñota'),
	('080708','08','07','08','Velille'),
	('080800','08','08','00','Espinar'),
	('080801','08','08','01','Espinar'),
	('080802','08','08','02','Condoroma'),
	('080803','08','08','03','Coporaque'),
	('080804','08','08','04','Ocoruro'),
	('080805','08','08','05','Pallpata'),
	('080806','08','08','06','Pichigua'),
	('080807','08','08','07','Suyckutambo'),
	('080808','08','08','08','Alto Pichigua'),
	('080900','08','09','00','La Convencion'),
	('080901','08','09','01','Santa Ana'),
	('080902','08','09','02','Echarate'),
	('080903','08','09','03','Huayopata'),
	('080904','08','09','04','Maranura'),
	('080905','08','09','05','Ocobamba'),
	('080906','08','09','06','Quellouno'),
	('080907','08','09','07','Kimbiri'),
	('080908','08','09','08','Santa Teresa'),
	('080909','08','09','09','Vilcabamba'),
	('080910','08','09','10','Pichari'),
	('080911','08','09','11','Inkawasi'),
	('080912','08','09','12','Villa Virgen'),
	('081000','08','10','00','Paruro'),
	('081001','08','10','01','Paruro'),
	('081002','08','10','02','Accha'),
	('081003','08','10','03','Ccapi'),
	('081004','08','10','04','Colcha'),
	('081005','08','10','05','Huanoquite'),
	('081006','08','10','06','Omacha'),
	('081007','08','10','07','Paccaritambo'),
	('081008','08','10','08','Pillpinto'),
	('081009','08','10','09','Yaurisque'),
	('081100','08','11','00','Paucartambo'),
	('081101','08','11','01','Paucartambo'),
	('081102','08','11','02','Caicay'),
	('081103','08','11','03','Challabamba'),
	('081104','08','11','04','Colquepata'),
	('081105','08','11','05','Huancarani'),
	('081106','08','11','06','Kosñipata'),
	('081200','08','12','00','Quispicanchi'),
	('081201','08','12','01','Urcos'),
	('081202','08','12','02','Andahuaylillas'),
	('081203','08','12','03','Camanti'),
	('081204','08','12','04','Ccarhuayo'),
	('081205','08','12','05','Ccatca'),
	('081206','08','12','06','Cusipata'),
	('081207','08','12','07','Huaro'),
	('081208','08','12','08','Lucre'),
	('081209','08','12','09','Marcapata'),
	('081210','08','12','10','Ocongate'),
	('081211','08','12','11','Oropesa'),
	('081212','08','12','12','Quiquijana'),
	('081300','08','13','00','Urubamba'),
	('081301','08','13','01','Urubamba'),
	('081302','08','13','02','Chinchero'),
	('081303','08','13','03','Huayllabamba'),
	('081304','08','13','04','Machupicchu'),
	('081305','08','13','05','Maras'),
	('081306','08','13','06','Ollantaytambo'),
	('081307','08','13','07','Yucay'),
	('090000','09','00','00','Huancavelica'),
	('090100','09','01','00','Huancavelica'),
	('090101','09','01','01','Huancavelica'),
	('090102','09','01','02','Acobambilla'),
	('090103','09','01','03','Acoria'),
	('090104','09','01','04','Conayca'),
	('090105','09','01','05','Cuenca'),
	('090106','09','01','06','Huachocolpa'),
	('090107','09','01','07','Huayllahuara'),
	('090108','09','01','08','Izcuchaca'),
	('090109','09','01','09','Laria'),
	('090110','09','01','10','Manta'),
	('090111','09','01','11','Mariscal Caceres'),
	('090112','09','01','12','Moya'),
	('090113','09','01','13','Nuevo Occoro'),
	('090114','09','01','14','Palca'),
	('090115','09','01','15','Pilchaca'),
	('090116','09','01','16','Vilca'),
	('090117','09','01','17','Yauli'),
	('090118','09','01','18','Ascensión'),
	('090119','09','01','19','Huando'),
	('090200','09','02','00','Acobamba'),
	('090201','09','02','01','Acobamba'),
	('090202','09','02','02','Andabamba'),
	('090203','09','02','03','Anta'),
	('090204','09','02','04','Caja'),
	('090205','09','02','05','Marcas'),
	('090206','09','02','06','Paucara'),
	('090207','09','02','07','Pomacocha'),
	('090208','09','02','08','Rosario'),
	('090300','09','03','00','Angaraes'),
	('090301','09','03','01','Lircay'),
	('090302','09','03','02','Anchonga'),
	('090303','09','03','03','Callanmarca'),
	('090304','09','03','04','Ccochaccasa'),
	('090305','09','03','05','Chincho'),
	('090306','09','03','06','Congalla'),
	('090307','09','03','07','Huanca-Huanca'),
	('090308','09','03','08','Huayllay Grande'),
	('090309','09','03','09','Julcamarca'),
	('090310','09','03','10','San Antonio de Antaparco'),
	('090311','09','03','11','Santo Tomas de Pata'),
	('090312','09','03','12','Secclla'),
	('090400','09','04','00','Castrovirreyna'),
	('090401','09','04','01','Castrovirreyna'),
	('090402','09','04','02','Arma'),
	('090403','09','04','03','Aurahua'),
	('090404','09','04','04','Capillas'),
	('090405','09','04','05','Chupamarca'),
	('090406','09','04','06','Cocas'),
	('090407','09','04','07','Huachos'),
	('090408','09','04','08','Huamatambo'),
	('090409','09','04','09','Mollepampa'),
	('090410','09','04','10','San Juan'),
	('090411','09','04','11','Santa Ana'),
	('090412','09','04','12','Tantara'),
	('090413','09','04','13','Ticrapo'),
	('090500','09','05','00','Churcampa'),
	('090501','09','05','01','Churcampa'),
	('090502','09','05','02','Anco'),
	('090503','09','05','03','Chinchihuasi'),
	('090504','09','05','04','El Carmen'),
	('090505','09','05','05','La Merced'),
	('090506','09','05','06','Locroja'),
	('090507','09','05','07','Paucarbamba'),
	('090508','09','05','08','San Miguel de Mayocc'),
	('090509','09','05','09','San Pedro de Coris'),
	('090510','09','05','10','Pachamarca'),
	('090511','09','05','11','Cosme'),
	('090600','09','06','00','Huaytara'),
	('090601','09','06','01','Huaytara'),
	('090602','09','06','02','Ayavi'),
	('090603','09','06','03','Cordova'),
	('090604','09','06','04','Huayacundo Arma'),
	('090605','09','06','05','Laramarca'),
	('090606','09','06','06','Ocoyo'),
	('090607','09','06','07','Pilpichaca'),
	('090608','09','06','08','Querco'),
	('090609','09','06','09','Quito-Arma'),
	('090610','09','06','10','San Antonio de Cusicancha'),
	('090611','09','06','11','San Francisco de Sangayaico'),
	('090612','09','06','12','San Isidro'),
	('090613','09','06','13','Santiago de Chocorvos'),
	('090614','09','06','14','Santiago de Quirahuara'),
	('090615','09','06','15','Santo Domingo de Capillas'),
	('090616','09','06','16','Tambo'),
	('090700','09','07','00','Tayacaja'),
	('090701','09','07','01','Pampas'),
	('090702','09','07','02','Acostambo'),
	('090703','09','07','03','Acraquia'),
	('090704','09','07','04','Ahuaycha'),
	('090705','09','07','05','Colcabamba'),
	('090706','09','07','06','Daniel Hernandez'),
	('090707','09','07','07','Huachocolpa'),
	('090709','09','07','09','Huaribamba'),
	('090710','09','07','10','Ñahuimpuquio'),
	('090711','09','07','11','Pazos'),
	('090713','09','07','13','Quishuar'),
	('090714','09','07','14','Salcabamba'),
	('090715','09','07','15','Salcahuasi'),
	('090716','09','07','16','San Marcos de Rocchac'),
	('090717','09','07','17','Surcubamba'),
	('090718','09','07','18','Tintay Puncu'),
	('100000','10','00','00','Huanuco'),
	('100100','10','01','00','Huanuco'),
	('100101','10','01','01','Huanuco'),
	('100102','10','01','02','Amarilis'),
	('100103','10','01','03','Chinchao'),
	('100104','10','01','04','Churubamba'),
	('100105','10','01','05','Margos'),
	('100106','10','01','06','Quisqui'),
	('100107','10','01','07','San Francisco de Cayran'),
	('100108','10','01','08','San Pedro de Chaulan'),
	('100109','10','01','09','Santa Maria del Valle'),
	('100110','10','01','10','Yarumayo'),
	('100111','10','01','11','Pillco Marca'),
	('100112','10','01','12','Yacus'),
	('100200','10','02','00','Ambo'),
	('100201','10','02','01','Ambo'),
	('100202','10','02','02','Cayna'),
	('100203','10','02','03','Colpas'),
	('100204','10','02','04','Conchamarca'),
	('100205','10','02','05','Huacar'),
	('100206','10','02','06','San Francisco'),
	('100207','10','02','07','San Rafael'),
	('100208','10','02','08','Tomay Kichwa'),
	('100300','10','03','00','Dos de Mayo'),
	('100301','10','03','01','La Union'),
	('100307','10','03','07','Chuquis'),
	('100311','10','03','11','Marias'),
	('100313','10','03','13','Pachas'),
	('100316','10','03','16','Quivilla'),
	('100317','10','03','17','Ripan'),
	('100321','10','03','21','Shunqui'),
	('100322','10','03','22','Sillapata'),
	('100323','10','03','23','Yanas'),
	('100400','10','04','00','Huacaybamba'),
	('100401','10','04','01','Huacaybamba'),
	('100402','10','04','02','Canchabamba'),
	('100403','10','04','03','Cochabamba'),
	('100404','10','04','04','Pinra'),
	('100500','10','05','00','Huamalies'),
	('100501','10','05','01','Llata'),
	('100502','10','05','02','Arancay'),
	('100503','10','05','03','Chavin de Pariarca'),
	('100504','10','05','04','Jacas Grande'),
	('100505','10','05','05','Jircan'),
	('100506','10','05','06','Miraflores'),
	('100507','10','05','07','Monzon'),
	('100508','10','05','08','Punchao'),
	('100509','10','05','09','Puños'),
	('100510','10','05','10','Singa'),
	('100511','10','05','11','Tantamayo'),
	('100600','10','06','00','Leoncio Prado'),
	('100601','10','06','01','Rupa-Rupa'),
	('100602','10','06','02','Daniel Alomias Robles'),
	('100603','10','06','03','Hermilio Valdizan'),
	('100604','10','06','04','Jose Crespo y Castillo'),
	('100605','10','06','05','Luyando'),
	('100606','10','06','06','Mariano Damaso Beraun'),
	('100700','10','07','00','Marañon'),
	('100701','10','07','01','Huacrachuco'),
	('100702','10','07','02','Cholon'),
	('100703','10','07','03','San Buenaventura'),
	('100800','10','08','00','Pachitea'),
	('100801','10','08','01','Panao'),
	('100802','10','08','02','Chaglla'),
	('100803','10','08','03','Molino'),
	('100804','10','08','04','Umari'),
	('100900','10','09','00','Puerto Inca'),
	('100901','10','09','01','Puerto Inca'),
	('100902','10','09','02','Codo del Pozuzo'),
	('100903','10','09','03','Honoria'),
	('100904','10','09','04','Tournavista'),
	('100905','10','09','05','Yuyapichis'),
	('101000','10','10','00','Lauricocha'),
	('101001','10','10','01','Jesus'),
	('101002','10','10','02','Baños'),
	('101003','10','10','03','Jivia'),
	('101004','10','10','04','Queropalca'),
	('101005','10','10','05','Rondos'),
	('101006','10','10','06','San Francisco de Asis'),
	('101007','10','10','07','San Miguel de Cauri'),
	('101100','10','11','00','Yarowilca'),
	('101101','10','11','01','Chavinillo'),
	('101102','10','11','02','Cahuac'),
	('101103','10','11','03','Chacabamba'),
	('101104','10','11','04','Chupan'),
	('101105','10','11','05','Jacas Chico'),
	('101106','10','11','06','Obas'),
	('101107','10','11','07','Pampamarca'),
	('101108','10','11','08','Choras'),
	('110000','11','00','00','Ica'),
	('110100','11','01','00','Ica'),
	('110101','11','01','01','Ica'),
	('110102','11','01','02','La Tinguiña'),
	('110103','11','01','03','Los Aquijes'),
	('110104','11','01','04','Ocucaje'),
	('110105','11','01','05','Pachacutec'),
	('110106','11','01','06','Parcona'),
	('110107','11','01','07','Pueblo Nuevo'),
	('110108','11','01','08','Salas'),
	('110109','11','01','09','San Jose de los Molinos'),
	('110110','11','01','10','San Juan Bautista'),
	('110111','11','01','11','Santiago'),
	('110112','11','01','12','Subtanjalla'),
	('110113','11','01','13','Tate'),
	('110114','11','01','14','Yauca del Rosario'),
	('110200','11','02','00','Chincha'),
	('110201','11','02','01','Chincha Alta'),
	('110202','11','02','02','Alto Laran'),
	('110203','11','02','03','Chavin'),
	('110204','11','02','04','Chincha Baja'),
	('110205','11','02','05','El Carmen'),
	('110206','11','02','06','Grocio Prado'),
	('110207','11','02','07','Pueblo Nuevo'),
	('110208','11','02','08','San Juan de Yanac'),
	('110209','11','02','09','San Pedro de Huacarpana'),
	('110210','11','02','10','Sunampe'),
	('110211','11','02','11','Tambo de Mora'),
	('110300','11','03','00','Nazca'),
	('110301','11','03','01','Nazca'),
	('110302','11','03','02','Changuillo'),
	('110303','11','03','03','El Ingenio'),
	('110304','11','03','04','Marcona'),
	('110305','11','03','05','Vista Alegre'),
	('110400','11','04','00','Palpa'),
	('110401','11','04','01','Palpa'),
	('110402','11','04','02','Llipata'),
	('110403','11','04','03','Rio Grande'),
	('110404','11','04','04','Santa Cruz'),
	('110405','11','04','05','Tibillo'),
	('110500','11','05','00','Pisco'),
	('110501','11','05','01','Pisco'),
	('110502','11','05','02','Huancano'),
	('110503','11','05','03','Humay'),
	('110504','11','05','04','Independencia'),
	('110505','11','05','05','Paracas'),
	('110506','11','05','06','San Andres'),
	('110507','11','05','07','San Clemente'),
	('110508','11','05','08','Tupac Amaru Inca'),
	('120000','12','00','00','Junin'),
	('120100','12','01','00','Huancayo'),
	('120101','12','01','01','Huancayo'),
	('120104','12','01','04','Carhuacallanga'),
	('120105','12','01','05','Chacapampa'),
	('120106','12','01','06','Chicche'),
	('120107','12','01','07','Chilca'),
	('120108','12','01','08','Chongos Alto'),
	('120111','12','01','11','Chupuro'),
	('120112','12','01','12','Colca'),
	('120113','12','01','13','Cullhuas'),
	('120114','12','01','14','El Tambo'),
	('120116','12','01','16','Huacrapuquio'),
	('120117','12','01','17','Hualhuas'),
	('120119','12','01','19','Huancan'),
	('120120','12','01','20','Huasicancha'),
	('120121','12','01','21','Huayucachi'),
	('120122','12','01','22','Ingenio'),
	('120124','12','01','24','Pariahuanca'),
	('120125','12','01','25','Pilcomayo'),
	('120126','12','01','26','Pucara'),
	('120127','12','01','27','Quichuay'),
	('120128','12','01','28','Quilcas'),
	('120129','12','01','29','San Agustin'),
	('120130','12','01','30','San Jeronimo de Tunan'),
	('120132','12','01','32','Saño'),
	('120133','12','01','33','Sapallanga'),
	('120134','12','01','34','Sicaya'),
	('120135','12','01','35','Santo Domingo de Acobamba'),
	('120136','12','01','36','Viques'),
	('120200','12','02','00','Concepcion'),
	('120201','12','02','01','Concepcion'),
	('120202','12','02','02','Aco'),
	('120203','12','02','03','Andamarca'),
	('120204','12','02','04','Chambara'),
	('120205','12','02','05','Cochas'),
	('120206','12','02','06','Comas'),
	('120207','12','02','07','Heroinas Toledo'),
	('120208','12','02','08','Manzanares'),
	('120209','12','02','09','Mariscal Castilla'),
	('120210','12','02','10','Matahuasi'),
	('120211','12','02','11','Mito'),
	('120212','12','02','12','Nueve de Julio'),
	('120213','12','02','13','Orcotuna'),
	('120214','12','02','14','San Jose de Quero'),
	('120215','12','02','15','Santa Rosa de Ocopa'),
	('120300','12','03','00','Chanchamayo'),
	('120301','12','03','01','Chanchamayo'),
	('120302','12','03','02','Perene'),
	('120303','12','03','03','Pichanaqui'),
	('120304','12','03','04','San Luis de Shuaro'),
	('120305','12','03','05','San Ramon'),
	('120306','12','03','06','Vitoc'),
	('120400','12','04','00','Jauja'),
	('120401','12','04','01','Jauja'),
	('120402','12','04','02','Acolla'),
	('120403','12','04','03','Apata'),
	('120404','12','04','04','Ataura'),
	('120405','12','04','05','Canchayllo'),
	('120406','12','04','06','Curicaca'),
	('120407','12','04','07','El Mantaro'),
	('120408','12','04','08','Huamali'),
	('120409','12','04','09','Huaripampa'),
	('120410','12','04','10','Huertas'),
	('120411','12','04','11','Janjaillo'),
	('120412','12','04','12','Julcan'),
	('120413','12','04','13','Leonor Ordoñez'),
	('120414','12','04','14','Llocllapampa'),
	('120415','12','04','15','Marco'),
	('120416','12','04','16','Masma'),
	('120417','12','04','17','Masma Chicche'),
	('120418','12','04','18','Molinos'),
	('120419','12','04','19','Monobamba'),
	('120420','12','04','20','Muqui'),
	('120421','12','04','21','Muquiyauyo'),
	('120422','12','04','22','Paca'),
	('120423','12','04','23','Paccha'),
	('120424','12','04','24','Pancan'),
	('120425','12','04','25','Parco'),
	('120426','12','04','26','Pomacancha'),
	('120427','12','04','27','Ricran'),
	('120428','12','04','28','San Lorenzo'),
	('120429','12','04','29','San Pedro de Chunan'),
	('120430','12','04','30','Sausa'),
	('120431','12','04','31','Sincos'),
	('120432','12','04','32','Tunan Marca'),
	('120433','12','04','33','Yauli'),
	('120434','12','04','34','Yauyos'),
	('120500','12','05','00','Junin'),
	('120501','12','05','01','Junin'),
	('120502','12','05','02','Carhuamayo'),
	('120503','12','05','03','Ondores'),
	('120504','12','05','04','Ulcumayo'),
	('120600','12','06','00','Satipo'),
	('120601','12','06','01','Satipo'),
	('120602','12','06','02','Coviriali'),
	('120603','12','06','03','Llaylla'),
	('120604','12','06','04','Mazamari'),
	('120605','12','06','05','Pampa Hermosa'),
	('120606','12','06','06','Pangoa'),
	('120607','12','06','07','Rio Negro'),
	('120608','12','06','08','Rio Tambo'),
	('120699','12','06','99','Mazamari-Pangoa'),
	('120700','12','07','00','Tarma'),
	('120701','12','07','01','Tarma'),
	('120702','12','07','02','Acobamba'),
	('120703','12','07','03','Huaricolca'),
	('120704','12','07','04','Huasahuasi'),
	('120705','12','07','05','La Union'),
	('120706','12','07','06','Palca'),
	('120707','12','07','07','Palcamayo'),
	('120708','12','07','08','San Pedro de Cajas'),
	('120709','12','07','09','Tapo'),
	('120800','12','08','00','Yauli'),
	('120801','12','08','01','La Oroya'),
	('120802','12','08','02','Chacapalpa'),
	('120803','12','08','03','Huay-Huay'),
	('120804','12','08','04','Marcapomacocha'),
	('120805','12','08','05','Morococha'),
	('120806','12','08','06','Paccha'),
	('120807','12','08','07','Santa Barbara de Carhuacayan'),
	('120808','12','08','08','Santa Rosa de Sacco'),
	('120809','12','08','09','Suitucancha'),
	('120810','12','08','10','Yauli'),
	('120900','12','09','00','Chupaca'),
	('120901','12','09','01','Chupaca'),
	('120902','12','09','02','Ahuac'),
	('120903','12','09','03','Chongos Bajo'),
	('120904','12','09','04','Huachac'),
	('120905','12','09','05','Huamancaca Chico'),
	('120906','12','09','06','San Juan de Iscos'),
	('120907','12','09','07','San Juan de Jarpa'),
	('120908','12','09','08','3 de Diciembre'),
	('120909','12','09','09','Yanacancha'),
	('130000','13','00','00','La Libertad'),
	('130100','13','01','00','Trujillo'),
	('130101','13','01','01','Trujillo'),
	('130102','13','01','02','El Porvenir'),
	('130103','13','01','03','Florencia de Mora'),
	('130104','13','01','04','Huanchaco'),
	('130105','13','01','05','La Esperanza'),
	('130106','13','01','06','Laredo'),
	('130107','13','01','07','Moche'),
	('130108','13','01','08','Poroto'),
	('130109','13','01','09','Salaverry'),
	('130110','13','01','10','Simbal'),
	('130111','13','01','11','Victor Larco Herrera'),
	('130200','13','02','00','Ascope'),
	('130201','13','02','01','Ascope'),
	('130202','13','02','02','Chicama'),
	('130203','13','02','03','Chocope'),
	('130204','13','02','04','Magdalena de Cao'),
	('130205','13','02','05','Paijan'),
	('130206','13','02','06','Razuri'),
	('130207','13','02','07','Santiago de Cao'),
	('130208','13','02','08','Casa Grande'),
	('130300','13','03','00','Bolivar'),
	('130301','13','03','01','Bolivar'),
	('130302','13','03','02','Bambamarca'),
	('130303','13','03','03','Condormarca'),
	('130304','13','03','04','Longotea'),
	('130305','13','03','05','Uchumarca'),
	('130306','13','03','06','Ucuncha'),
	('130400','13','04','00','Chepen'),
	('130401','13','04','01','Chepen'),
	('130402','13','04','02','Pacanga'),
	('130403','13','04','03','Pueblo Nuevo'),
	('130500','13','05','00','Julcan'),
	('130501','13','05','01','Julcan'),
	('130502','13','05','02','Calamarca'),
	('130503','13','05','03','Carabamba'),
	('130504','13','05','04','Huaso'),
	('130600','13','06','00','Otuzco'),
	('130601','13','06','01','Otuzco'),
	('130602','13','06','02','Agallpampa'),
	('130604','13','06','04','Charat'),
	('130605','13','06','05','Huaranchal'),
	('130606','13','06','06','La Cuesta'),
	('130608','13','06','08','Mache'),
	('130610','13','06','10','Paranday'),
	('130611','13','06','11','Salpo'),
	('130613','13','06','13','Sinsicap'),
	('130614','13','06','14','Usquil'),
	('130700','13','07','00','Pacasmayo'),
	('130701','13','07','01','San Pedro de Lloc'),
	('130702','13','07','02','Guadalupe'),
	('130703','13','07','03','Jequetepeque'),
	('130704','13','07','04','Pacasmayo'),
	('130705','13','07','05','San Jose'),
	('130800','13','08','00','Pataz'),
	('130801','13','08','01','Tayabamba'),
	('130802','13','08','02','Buldibuyo'),
	('130803','13','08','03','Chillia'),
	('130804','13','08','04','Huancaspata'),
	('130805','13','08','05','Huaylillas'),
	('130806','13','08','06','Huayo'),
	('130807','13','08','07','Ongon'),
	('130808','13','08','08','Parcoy'),
	('130809','13','08','09','Pataz'),
	('130810','13','08','10','Pias'),
	('130811','13','08','11','Santiago de Challas'),
	('130812','13','08','12','Taurija'),
	('130813','13','08','13','Urpay'),
	('130900','13','09','00','Sanchez Carrion'),
	('130901','13','09','01','Huamachuco'),
	('130902','13','09','02','Chugay'),
	('130903','13','09','03','Cochorco'),
	('130904','13','09','04','Curgos'),
	('130905','13','09','05','Marcabal'),
	('130906','13','09','06','Sanagoran'),
	('130907','13','09','07','Sarin'),
	('130908','13','09','08','Sartimbamba'),
	('131000','13','10','00','Santiago de Chuco'),
	('131001','13','10','01','Santiago de Chuco'),
	('131002','13','10','02','Angasmarca'),
	('131003','13','10','03','Cachicadan'),
	('131004','13','10','04','Mollebamba'),
	('131005','13','10','05','Mollepata'),
	('131006','13','10','06','Quiruvilca'),
	('131007','13','10','07','Santa Cruz de Chuca'),
	('131008','13','10','08','Sitabamba'),
	('131100','13','11','00','Gran Chimu'),
	('131101','13','11','01','Cascas'),
	('131102','13','11','02','Lucma'),
	('131103','13','11','03','Marmot'),
	('131104','13','11','04','Sayapullo'),
	('131200','13','12','00','Viru'),
	('131201','13','12','01','Viru'),
	('131202','13','12','02','Chao'),
	('131203','13','12','03','Guadalupito'),
	('140000','14','00','00','Lambayeque'),
	('140100','14','01','00','Chiclayo'),
	('140101','14','01','01','Chiclayo'),
	('140102','14','01','02','Chongoyape'),
	('140103','14','01','03','Eten'),
	('140104','14','01','04','Eten Puerto'),
	('140105','14','01','05','Jose Leonardo Ortiz'),
	('140106','14','01','06','La Victoria'),
	('140107','14','01','07','Lagunas'),
	('140108','14','01','08','Monsefu'),
	('140109','14','01','09','Nueva Arica'),
	('140110','14','01','10','Oyotun'),
	('140111','14','01','11','Picsi'),
	('140112','14','01','12','Pimentel'),
	('140113','14','01','13','Reque'),
	('140114','14','01','14','Santa Rosa'),
	('140115','14','01','15','Saña'),
	('140116','14','01','16','Cayaltí'),
	('140117','14','01','17','Patapo'),
	('140118','14','01','18','Pomalca'),
	('140119','14','01','19','Pucalá'),
	('140120','14','01','20','Tumán'),
	('140200','14','02','00','Ferreñafe'),
	('140201','14','02','01','Ferreñafe'),
	('140202','14','02','02','Cañaris'),
	('140203','14','02','03','Incahuasi'),
	('140204','14','02','04','Manuel Antonio Mesones Muro'),
	('140205','14','02','05','Pitipo'),
	('140206','14','02','06','Pueblo Nuevo'),
	('140300','14','03','00','Lambayeque'),
	('140301','14','03','01','Lambayeque'),
	('140302','14','03','02','Chochope'),
	('140303','14','03','03','Illimo'),
	('140304','14','03','04','Jayanca'),
	('140305','14','03','05','Mochumi'),
	('140306','14','03','06','Morrope'),
	('140307','14','03','07','Motupe'),
	('140308','14','03','08','Olmos'),
	('140309','14','03','09','Pacora'),
	('140310','14','03','10','Salas'),
	('140311','14','03','11','San Jose'),
	('140312','14','03','12','Tucume'),
	('150000','15','00','00','Lima'),
	('150100','15','01','00','Lima'),
	('150101','15','01','01','Lima'),
	('150102','15','01','02','Ancon'),
	('150103','15','01','03','Ate'),
	('150104','15','01','04','Barranco'),
	('150105','15','01','05','Breña'),
	('150106','15','01','06','Carabayllo'),
	('150107','15','01','07','Chaclacayo'),
	('150108','15','01','08','Chorrillos'),
	('150109','15','01','09','Cieneguilla'),
	('150110','15','01','10','Comas'),
	('150111','15','01','11','El Agustino'),
	('150112','15','01','12','Independencia'),
	('150113','15','01','13','Jesus Maria'),
	('150114','15','01','14','La Molina'),
	('150115','15','01','15','La Victoria'),
	('150116','15','01','16','Lince'),
	('150117','15','01','17','Los Olivos'),
	('150118','15','01','18','Lurigancho'),
	('150119','15','01','19','Lurin'),
	('150120','15','01','20','Magdalena del Mar'),
	('150121','15','01','21','Pueblo Libre (Magdalena Vieja)'),
	('150122','15','01','22','Miraflores'),
	('150123','15','01','23','Pachacamac'),
	('150124','15','01','24','Pucusana'),
	('150125','15','01','25','Puente Piedra'),
	('150126','15','01','26','Punta Hermosa'),
	('150127','15','01','27','Punta Negra'),
	('150128','15','01','28','Rimac'),
	('150129','15','01','29','San Bartolo'),
	('150130','15','01','30','San Borja'),
	('150131','15','01','31','San Isidro'),
	('150132','15','01','32','San Juan de Lurigancho'),
	('150133','15','01','33','San Juan de Miraflores'),
	('150134','15','01','34','San Luis'),
	('150135','15','01','35','San Martin de Porres'),
	('150136','15','01','36','San Miguel'),
	('150137','15','01','37','Santa Anita'),
	('150138','15','01','38','Santa Maria del Mar'),
	('150139','15','01','39','Santa Rosa'),
	('150140','15','01','40','Santiago de Surco'),
	('150141','15','01','41','Surquillo'),
	('150142','15','01','42','Villa El Salvador'),
	('150143','15','01','43','Villa Maria del Triunfo'),
	('150200','15','02','00','Barranca'),
	('150201','15','02','01','Barranca'),
	('150202','15','02','02','Paramonga'),
	('150203','15','02','03','Pativilca'),
	('150204','15','02','04','Supe'),
	('150205','15','02','05','Supe Puerto'),
	('150300','15','03','00','Cajatambo'),
	('150301','15','03','01','Cajatambo'),
	('150302','15','03','02','Copa'),
	('150303','15','03','03','Gorgor'),
	('150304','15','03','04','Huancapon'),
	('150305','15','03','05','Manas'),
	('150400','15','04','00','Canta'),
	('150401','15','04','01','Canta'),
	('150402','15','04','02','Arahuay'),
	('150403','15','04','03','Huamantanga'),
	('150404','15','04','04','Huaros'),
	('150405','15','04','05','Lachaqui'),
	('150406','15','04','06','San Buenaventura'),
	('150407','15','04','07','Santa Rosa de Quives'),
	('150500','15','05','00','Cañete'),
	('150501','15','05','01','San Vicente de Cañete'),
	('150502','15','05','02','Asia'),
	('150503','15','05','03','Calango'),
	('150504','15','05','04','Cerro Azul'),
	('150505','15','05','05','Chilca'),
	('150506','15','05','06','Coayllo'),
	('150507','15','05','07','Imperial'),
	('150508','15','05','08','Lunahuana'),
	('150509','15','05','09','Mala'),
	('150510','15','05','10','Nuevo Imperial'),
	('150511','15','05','11','Pacaran'),
	('150512','15','05','12','Quilmana'),
	('150513','15','05','13','San Antonio'),
	('150514','15','05','14','San Luis'),
	('150515','15','05','15','Santa Cruz de Flores'),
	('150516','15','05','16','Zuñiga'),
	('150600','15','06','00','Huaral'),
	('150601','15','06','01','Huaral'),
	('150602','15','06','02','Atavillos Alto'),
	('150603','15','06','03','Atavillos Bajo'),
	('150604','15','06','04','Aucallama'),
	('150605','15','06','05','Chancay'),
	('150606','15','06','06','Ihuari'),
	('150607','15','06','07','Lampian'),
	('150608','15','06','08','Pacaraos'),
	('150609','15','06','09','San Miguel de Acos'),
	('150610','15','06','10','Santa Cruz de Andamarca'),
	('150611','15','06','11','Sumbilca'),
	('150612','15','06','12','Veintisiete de Noviembre'),
	('150700','15','07','00','Huarochiri'),
	('150701','15','07','01','Matucana'),
	('150702','15','07','02','Antioquia'),
	('150703','15','07','03','Callahuanca'),
	('150704','15','07','04','Carampoma'),
	('150705','15','07','05','Chicla'),
	('150706','15','07','06','Cuenca'),
	('150707','15','07','07','Huachupampa'),
	('150708','15','07','08','Huanza'),
	('150709','15','07','09','Huarochiri'),
	('150710','15','07','10','Lahuaytambo'),
	('150711','15','07','11','Langa'),
	('150712','15','07','12','Laraos'),
	('150713','15','07','13','Mariatana'),
	('150714','15','07','14','Ricardo Palma'),
	('150715','15','07','15','San Andres de Tupicocha'),
	('150716','15','07','16','San Antonio'),
	('150717','15','07','17','San Bartolome'),
	('150718','15','07','18','San Damian'),
	('150719','15','07','19','San Juan de Iris'),
	('150720','15','07','20','San Juan de Tantaranche'),
	('150721','15','07','21','San Lorenzo de Quinti'),
	('150722','15','07','22','San Mateo'),
	('150723','15','07','23','San Mateo de Otao'),
	('150724','15','07','24','San Pedro de Casta'),
	('150725','15','07','25','San Pedro de Huancayre'),
	('150726','15','07','26','Sangallaya'),
	('150727','15','07','27','Santa Cruz de Cocachacra'),
	('150728','15','07','28','Santa Eulalia'),
	('150729','15','07','29','Santiago de Anchucaya'),
	('150730','15','07','30','Santiago de Tuna'),
	('150731','15','07','31','Santo Domingo de los Olleros'),
	('150732','15','07','32','Surco'),
	('150800','15','08','00','Huaura'),
	('150801','15','08','01','Huacho'),
	('150802','15','08','02','Ambar'),
	('150803','15','08','03','Caleta de Carquin'),
	('150804','15','08','04','Checras'),
	('150805','15','08','05','Hualmay'),
	('150806','15','08','06','Huaura'),
	('150807','15','08','07','Leoncio Prado'),
	('150808','15','08','08','Paccho'),
	('150809','15','08','09','Santa Leonor'),
	('150810','15','08','10','Santa Maria'),
	('150811','15','08','11','Sayan'),
	('150812','15','08','12','Vegueta'),
	('150900','15','09','00','Oyon'),
	('150901','15','09','01','Oyon'),
	('150902','15','09','02','Andajes'),
	('150903','15','09','03','Caujul'),
	('150904','15','09','04','Cochamarca'),
	('150905','15','09','05','Navan'),
	('150906','15','09','06','Pachangara'),
	('151000','15','10','00','Yauyos'),
	('151001','15','10','01','Yauyos'),
	('151002','15','10','02','Alis'),
	('151003','15','10','03','Ayauca'),
	('151004','15','10','04','Ayaviri'),
	('151005','15','10','05','Azangaro'),
	('151006','15','10','06','Cacra'),
	('151007','15','10','07','Carania'),
	('151008','15','10','08','Catahuasi'),
	('151009','15','10','09','Chocos'),
	('151010','15','10','10','Cochas'),
	('151011','15','10','11','Colonia'),
	('151012','15','10','12','Hongos'),
	('151013','15','10','13','Huampara'),
	('151014','15','10','14','Huancaya'),
	('151015','15','10','15','Huangascar'),
	('151016','15','10','16','Huantan'),
	('151017','15','10','17','Huañec'),
	('151018','15','10','18','Laraos'),
	('151019','15','10','19','Lincha'),
	('151020','15','10','20','Madean'),
	('151021','15','10','21','Miraflores'),
	('151022','15','10','22','Omas'),
	('151023','15','10','23','Putinza'),
	('151024','15','10','24','Quinches'),
	('151025','15','10','25','Quinocay'),
	('151026','15','10','26','San Joaquin'),
	('151027','15','10','27','San Pedro de Pilas'),
	('151028','15','10','28','Tanta'),
	('151029','15','10','29','Tauripampa'),
	('151030','15','10','30','Tomas'),
	('151031','15','10','31','Tupe'),
	('151032','15','10','32','Viñac'),
	('151033','15','10','33','Vitis'),
	('160000','16','00','00','Loreto'),
	('160100','16','01','00','Maynas'),
	('160101','16','01','01','Iquitos'),
	('160102','16','01','02','Alto Nanay'),
	('160103','16','01','03','Fernando Lores'),
	('160104','16','01','04','Indiana'),
	('160105','16','01','05','Las Amazonas'),
	('160106','16','01','06','Mazan'),
	('160107','16','01','07','Napo'),
	('160108','16','01','08','Punchana'),
	('160109','16','01','09','Putumayo'),
	('160110','16','01','10','Torres Causana'),
	('160112','16','01','12','Belén'),
	('160113','16','01','13','San Juan Bautista'),
	('160114','16','01','14','Teniente Manuel Clavero'),
	('160200','16','02','00','Alto Amazonas'),
	('160201','16','02','01','Yurimaguas'),
	('160202','16','02','02','Balsapuerto'),
	('160205','16','02','05','Jeberos'),
	('160206','16','02','06','Lagunas'),
	('160210','16','02','10','Santa Cruz'),
	('160211','16','02','11','Teniente Cesar Lopez Rojas'),
	('160300','16','03','00','Loreto'),
	('160301','16','03','01','Nauta'),
	('160302','16','03','02','Parinari'),
	('160303','16','03','03','Tigre'),
	('160304','16','03','04','Trompeteros'),
	('160305','16','03','05','Urarinas'),
	('160400','16','04','00','Mariscal Ramon Castilla'),
	('160401','16','04','01','Ramon Castilla'),
	('160402','16','04','02','Pebas'),
	('160403','16','04','03','Yavari'),
	('160404','16','04','04','San Pablo'),
	('160500','16','05','00','Requena'),
	('160501','16','05','01','Requena'),
	('160502','16','05','02','Alto Tapiche'),
	('160503','16','05','03','Capelo'),
	('160504','16','05','04','Emilio San Martin'),
	('160505','16','05','05','Maquia'),
	('160506','16','05','06','Puinahua'),
	('160507','16','05','07','Saquena'),
	('160508','16','05','08','Soplin'),
	('160509','16','05','09','Tapiche'),
	('160510','16','05','10','Jenaro Herrera'),
	('160511','16','05','11','Yaquerana'),
	('160600','16','06','00','Ucayali'),
	('160601','16','06','01','Contamana'),
	('160602','16','06','02','Inahuaya'),
	('160603','16','06','03','Padre Marquez'),
	('160604','16','06','04','Pampa Hermosa'),
	('160605','16','06','05','Sarayacu'),
	('160606','16','06','06','Vargas Guerra'),
	('160700','16','07','00','Datem del Marañón'),
	('160701','16','07','01','Barranca'),
	('160702','16','07','02','Cahuapanas'),
	('160703','16','07','03','Manseriche'),
	('160704','16','07','04','Morona'),
	('160705','16','07','05','Pastaza'),
	('160706','16','07','06','Andoas'),
	('160800','16','08','00','Putumayo'),
	('160801','16','08','01','Putumayo'),
	('160802','16','08','02','Rosa Panduro'),
	('160803','16','08','03','Teniente Manuel Clavero'),
	('160804','16','08','04','Yaguas'),
	('170000','17','00','00','Madre de Dios'),
	('170100','17','01','00','Tambopata'),
	('170101','17','01','01','Tambopata'),
	('170102','17','01','02','Inambari'),
	('170103','17','01','03','Las Piedras'),
	('170104','17','01','04','Laberinto'),
	('170200','17','02','00','Manu'),
	('170201','17','02','01','Manu'),
	('170202','17','02','02','Fitzcarrald'),
	('170203','17','02','03','Madre de Dios'),
	('170204','17','02','04','Huepetuhe'),
	('170300','17','03','00','Tahuamanu'),
	('170301','17','03','01','Iñapari'),
	('170302','17','03','02','Iberia'),
	('170303','17','03','03','Tahuamanu'),
	('180000','18','00','00','Moquegua'),
	('180100','18','01','00','Mariscal Nieto'),
	('180101','18','01','01','Moquegua'),
	('180102','18','01','02','Carumas'),
	('180103','18','01','03','Cuchumbaya'),
	('180104','18','01','04','Samegua'),
	('180105','18','01','05','San Cristobal'),
	('180106','18','01','06','Torata'),
	('180200','18','02','00','General Sanchez Cerro'),
	('180201','18','02','01','Omate'),
	('180202','18','02','02','Chojata'),
	('180203','18','02','03','Coalaque'),
	('180204','18','02','04','Ichuña'),
	('180205','18','02','05','La Capilla'),
	('180206','18','02','06','Lloque'),
	('180207','18','02','07','Matalaque'),
	('180208','18','02','08','Puquina'),
	('180209','18','02','09','Quinistaquillas'),
	('180210','18','02','10','Ubinas'),
	('180211','18','02','11','Yunga'),
	('180300','18','03','00','Ilo'),
	('180301','18','03','01','Ilo'),
	('180302','18','03','02','El Algarrobal'),
	('180303','18','03','03','Pacocha'),
	('190000','19','00','00','Pasco'),
	('190100','19','01','00','Pasco'),
	('190101','19','01','01','Chaupimarca'),
	('190102','19','01','02','Huachon'),
	('190103','19','01','03','Huariaca'),
	('190104','19','01','04','Huayllay'),
	('190105','19','01','05','Ninacaca'),
	('190106','19','01','06','Pallanchacra'),
	('190107','19','01','07','Paucartambo'),
	('190108','19','01','08','San Fco. de Asís de Yarusyacán'),
	('190109','19','01','09','Simon Bolivar'),
	('190110','19','01','10','Ticlacayan'),
	('190111','19','01','11','Tinyahuarco'),
	('190112','19','01','12','Vicco'),
	('190113','19','01','13','Yanacancha'),
	('190200','19','02','00','Daniel Alcides Carrion'),
	('190201','19','02','01','Yanahuanca'),
	('190202','19','02','02','Chacayan'),
	('190203','19','02','03','Goyllarisquizga'),
	('190204','19','02','04','Paucar'),
	('190205','19','02','05','San Pedro de Pillao'),
	('190206','19','02','06','Santa Ana de Tusi'),
	('190207','19','02','07','Tapuc'),
	('190208','19','02','08','Vilcabamba'),
	('190300','19','03','00','Oxapampa'),
	('190301','19','03','01','Oxapampa'),
	('190302','19','03','02','Chontabamba'),
	('190303','19','03','03','Huancabamba'),
	('190304','19','03','04','Palcazu'),
	('190305','19','03','05','Pozuzo'),
	('190306','19','03','06','Puerto Bermudez'),
	('190307','19','03','07','Villa Rica'),
	('190308','19','03','08','Constitucion'),
	('200000','20','00','00','Piura'),
	('200100','20','01','00','Piura'),
	('200101','20','01','01','Piura'),
	('200104','20','01','04','Castilla'),
	('200105','20','01','05','Catacaos'),
	('200107','20','01','07','Cura Mori'),
	('200108','20','01','08','El Tallan'),
	('200109','20','01','09','La Arena'),
	('200110','20','01','10','La Union'),
	('200111','20','01','11','Las Lomas'),
	('200114','20','01','14','Tambo Grande'),
	('200115','20','01','15','Veintiséis de Octubre'),
	('200200','20','02','00','Ayabaca'),
	('200201','20','02','01','Ayabaca'),
	('200202','20','02','02','Frias'),
	('200203','20','02','03','Jilili'),
	('200204','20','02','04','Lagunas'),
	('200205','20','02','05','Montero'),
	('200206','20','02','06','Pacaipampa'),
	('200207','20','02','07','Paimas'),
	('200208','20','02','08','Sapillica'),
	('200209','20','02','09','Sicchez'),
	('200210','20','02','10','Suyo'),
	('200300','20','03','00','Huancabamba'),
	('200301','20','03','01','Huancabamba'),
	('200302','20','03','02','Canchaque'),
	('200303','20','03','03','El Carmen de la Frontera'),
	('200304','20','03','04','Huarmaca'),
	('200305','20','03','05','Lalaquiz'),
	('200306','20','03','06','San Miguel de El Faique'),
	('200307','20','03','07','Sondor'),
	('200308','20','03','08','Sondorillo'),
	('200400','20','04','00','Morropon'),
	('200401','20','04','01','Chulucanas'),
	('200402','20','04','02','Buenos Aires'),
	('200403','20','04','03','Chalaco'),
	('200404','20','04','04','La Matanza'),
	('200405','20','04','05','Morropon'),
	('200406','20','04','06','Salitral'),
	('200407','20','04','07','San Juan de Bigote'),
	('200408','20','04','08','Santa Catalina de Mossa'),
	('200409','20','04','09','Santo Domingo'),
	('200410','20','04','10','Yamango'),
	('200500','20','05','00','Paita'),
	('200501','20','05','01','Paita'),
	('200502','20','05','02','Amotape'),
	('200503','20','05','03','Arenal'),
	('200504','20','05','04','Colan'),
	('200505','20','05','05','La Huaca'),
	('200506','20','05','06','Tamarindo'),
	('200507','20','05','07','Vichayal'),
	('200600','20','06','00','Sullana'),
	('200601','20','06','01','Sullana'),
	('200602','20','06','02','Bellavista'),
	('200603','20','06','03','Ignacio Escudero'),
	('200604','20','06','04','Lancones'),
	('200605','20','06','05','Marcavelica'),
	('200606','20','06','06','Miguel Checa'),
	('200607','20','06','07','Querecotillo'),
	('200608','20','06','08','Salitral'),
	('200700','20','07','00','Talara'),
	('200701','20','07','01','Pariñas'),
	('200702','20','07','02','El Alto'),
	('200703','20','07','03','La Brea'),
	('200704','20','07','04','Lobitos'),
	('200705','20','07','05','Los Organos'),
	('200706','20','07','06','Mancora'),
	('200800','20','08','00','Sechura'),
	('200801','20','08','01','Sechura'),
	('200802','20','08','02','Bellavista de la Union'),
	('200803','20','08','03','Bernal'),
	('200804','20','08','04','Cristo Nos Valga'),
	('200805','20','08','05','Vice'),
	('200806','20','08','06','Rinconada Llicuar'),
	('210000','21','00','00','Puno'),
	('210100','21','01','00','Puno'),
	('210101','21','01','01','Puno'),
	('210102','21','01','02','Acora'),
	('210103','21','01','03','Amantani'),
	('210104','21','01','04','Atuncolla'),
	('210105','21','01','05','Capachica'),
	('210106','21','01','06','Chucuito'),
	('210107','21','01','07','Coata'),
	('210108','21','01','08','Huata'),
	('210109','21','01','09','Mañazo'),
	('210110','21','01','10','Paucarcolla'),
	('210111','21','01','11','Pichacani'),
	('210112','21','01','12','Plateria'),
	('210113','21','01','13','San Antonio'),
	('210114','21','01','14','Tiquillaca'),
	('210115','21','01','15','Vilque'),
	('210200','21','02','00','Azangaro'),
	('210201','21','02','01','Azangaro'),
	('210202','21','02','02','Achaya'),
	('210203','21','02','03','Arapa'),
	('210204','21','02','04','Asillo'),
	('210205','21','02','05','Caminaca'),
	('210206','21','02','06','Chupa'),
	('210207','21','02','07','Jose Domingo Choquehuanca'),
	('210208','21','02','08','Muñani'),
	('210209','21','02','09','Potoni'),
	('210210','21','02','10','Saman'),
	('210211','21','02','11','San Anton'),
	('210212','21','02','12','San Jose'),
	('210213','21','02','13','San Juan de Salinas'),
	('210214','21','02','14','Santiago de Pupuja'),
	('210215','21','02','15','Tirapata'),
	('210300','21','03','00','Carabaya'),
	('210301','21','03','01','Macusani'),
	('210302','21','03','02','Ajoyani'),
	('210303','21','03','03','Ayapata'),
	('210304','21','03','04','Coasa'),
	('210305','21','03','05','Corani'),
	('210306','21','03','06','Crucero'),
	('210307','21','03','07','Ituata'),
	('210308','21','03','08','Ollachea'),
	('210309','21','03','09','San Gaban'),
	('210310','21','03','10','Usicayos'),
	('210400','21','04','00','Chucuito'),
	('210401','21','04','01','Juli'),
	('210402','21','04','02','Desaguadero'),
	('210403','21','04','03','Huacullani'),
	('210404','21','04','04','Kelluyo'),
	('210405','21','04','05','Pisacoma'),
	('210406','21','04','06','Pomata'),
	('210407','21','04','07','Zepita'),
	('210500','21','05','00','El Collao'),
	('210501','21','05','01','Ilave'),
	('210502','21','05','02','Capaso'),
	('210503','21','05','03','Pilcuyo'),
	('210504','21','05','04','Santa Rosa'),
	('210505','21','05','05','Conduriri'),
	('210600','21','06','00','Huancane'),
	('210601','21','06','01','Huancane'),
	('210602','21','06','02','Cojata'),
	('210603','21','06','03','Huatasani'),
	('210604','21','06','04','Inchupalla'),
	('210605','21','06','05','Pusi'),
	('210606','21','06','06','Rosaspata'),
	('210607','21','06','07','Taraco'),
	('210608','21','06','08','Vilque Chico'),
	('210700','21','07','00','Lampa'),
	('210701','21','07','01','Lampa'),
	('210702','21','07','02','Cabanilla'),
	('210703','21','07','03','Calapuja'),
	('210704','21','07','04','Nicasio'),
	('210705','21','07','05','Ocuviri'),
	('210706','21','07','06','Palca'),
	('210707','21','07','07','Paratia'),
	('210708','21','07','08','Pucara'),
	('210709','21','07','09','Santa Lucia'),
	('210710','21','07','10','Vilavila'),
	('210800','21','08','00','Melgar'),
	('210801','21','08','01','Ayaviri'),
	('210802','21','08','02','Antauta'),
	('210803','21','08','03','Cupi'),
	('210804','21','08','04','Llalli'),
	('210805','21','08','05','Macari'),
	('210806','21','08','06','Nuñoa'),
	('210807','21','08','07','Orurillo'),
	('210808','21','08','08','Santa Rosa'),
	('210809','21','08','09','Umachiri'),
	('210900','21','09','00','Moho'),
	('210901','21','09','01','Moho'),
	('210902','21','09','02','Conima'),
	('210903','21','09','03','Huayrapata'),
	('210904','21','09','04','Tilali'),
	('211000','21','10','00','San Antonio de Putina'),
	('211001','21','10','01','Putina'),
	('211002','21','10','02','Ananea'),
	('211003','21','10','03','Pedro Vilca Apaza'),
	('211004','21','10','04','Quilcapuncu'),
	('211005','21','10','05','Sina'),
	('211100','21','11','00','San Roman'),
	('211101','21','11','01','Juliaca'),
	('211102','21','11','02','Cabana'),
	('211103','21','11','03','Cabanillas'),
	('211104','21','11','04','Caracoto'),
	('211200','21','12','00','Sandia'),
	('211201','21','12','01','Sandia'),
	('211202','21','12','02','Cuyocuyo'),
	('211203','21','12','03','Limbani'),
	('211204','21','12','04','Patambuco'),
	('211205','21','12','05','Phara'),
	('211206','21','12','06','Quiaca'),
	('211207','21','12','07','San Juan del Oro'),
	('211208','21','12','08','Yanahuaya'),
	('211209','21','12','09','Alto Inambari'),
	('211210','21','12','10','San Pedro de Putina Punco'),
	('211300','21','13','00','Yunguyo'),
	('211301','21','13','01','Yunguyo'),
	('211302','21','13','02','Anapia'),
	('211303','21','13','03','Copani'),
	('211304','21','13','04','Cuturapi'),
	('211305','21','13','05','Ollaraya'),
	('211306','21','13','06','Tinicachi'),
	('211307','21','13','07','Unicachi'),
	('220000','22','00','00','San Martin'),
	('220100','22','01','00','Moyobamba'),
	('220101','22','01','01','Moyobamba'),
	('220102','22','01','02','Calzada'),
	('220103','22','01','03','Habana'),
	('220104','22','01','04','Jepelacio'),
	('220105','22','01','05','Soritor'),
	('220106','22','01','06','Yantalo'),
	('220200','22','02','00','Bellavista'),
	('220201','22','02','01','Bellavista'),
	('220202','22','02','02','Alto Biavo'),
	('220203','22','02','03','Bajo Biavo'),
	('220204','22','02','04','Huallaga'),
	('220205','22','02','05','San Pablo'),
	('220206','22','02','06','San Rafael'),
	('220300','22','03','00','El Dorado'),
	('220301','22','03','01','San Jose de Sisa'),
	('220302','22','03','02','Agua Blanca'),
	('220303','22','03','03','San Martin'),
	('220304','22','03','04','Santa Rosa'),
	('220305','22','03','05','Shatoja'),
	('220400','22','04','00','Huallaga'),
	('220401','22','04','01','Saposoa'),
	('220402','22','04','02','Alto Saposoa'),
	('220403','22','04','03','El Eslabon'),
	('220404','22','04','04','Piscoyacu'),
	('220405','22','04','05','Sacanche'),
	('220406','22','04','06','Tingo de Saposoa'),
	('220500','22','05','00','Lamas'),
	('220501','22','05','01','Lamas'),
	('220502','22','05','02','Alonso de Alvarado'),
	('220503','22','05','03','Barranquita'),
	('220504','22','05','04','Caynarachi'),
	('220505','22','05','05','Cuñumbuqui'),
	('220506','22','05','06','Pinto Recodo'),
	('220507','22','05','07','Rumisapa'),
	('220508','22','05','08','San Roque de Cumbaza'),
	('220509','22','05','09','Shanao'),
	('220510','22','05','10','Tabalosos'),
	('220511','22','05','11','Zapatero'),
	('220600','22','06','00','Mariscal Caceres'),
	('220601','22','06','01','Juanjui'),
	('220602','22','06','02','Campanilla'),
	('220603','22','06','03','Huicungo'),
	('220604','22','06','04','Pachiza'),
	('220605','22','06','05','Pajarillo'),
	('220700','22','07','00','Picota'),
	('220701','22','07','01','Picota'),
	('220702','22','07','02','Buenos Aires'),
	('220703','22','07','03','Caspisapa'),
	('220704','22','07','04','Pilluana'),
	('220705','22','07','05','Pucacaca'),
	('220706','22','07','06','San Cristobal'),
	('220707','22','07','07','San Hilarion'),
	('220708','22','07','08','Shamboyacu'),
	('220709','22','07','09','Tingo de Ponasa'),
	('220710','22','07','10','Tres Unidos'),
	('220800','22','08','00','Rioja'),
	('220801','22','08','01','Rioja'),
	('220802','22','08','02','Awajun'),
	('220803','22','08','03','Elias Soplin Vargas'),
	('220804','22','08','04','Nueva Cajamarca'),
	('220805','22','08','05','Pardo Miguel'),
	('220806','22','08','06','Posic'),
	('220807','22','08','07','San Fernando'),
	('220808','22','08','08','Yorongos'),
	('220809','22','08','09','Yuracyacu'),
	('220900','22','09','00','San Martin'),
	('220901','22','09','01','Tarapoto'),
	('220902','22','09','02','Alberto Leveau'),
	('220903','22','09','03','Cacatachi'),
	('220904','22','09','04','Chazuta'),
	('220905','22','09','05','Chipurana'),
	('220906','22','09','06','El Porvenir'),
	('220907','22','09','07','Huimbayoc'),
	('220908','22','09','08','Juan Guerra'),
	('220909','22','09','09','La Banda de Shilcayo'),
	('220910','22','09','10','Morales'),
	('220911','22','09','11','Papaplaya'),
	('220912','22','09','12','San Antonio'),
	('220913','22','09','13','Sauce'),
	('220914','22','09','14','Shapaja'),
	('221000','22','10','00','Tocache'),
	('221001','22','10','01','Tocache'),
	('221002','22','10','02','Nuevo Progreso'),
	('221003','22','10','03','Polvora'),
	('221004','22','10','04','Shunte'),
	('221005','22','10','05','Uchiza'),
	('230000','23','00','00','Tacna'),
	('230100','23','01','00','Tacna'),
	('230101','23','01','01','Tacna'),
	('230102','23','01','02','Alto de la Alianza'),
	('230103','23','01','03','Calana'),
	('230104','23','01','04','Ciudad Nueva'),
	('230105','23','01','05','Inclan'),
	('230106','23','01','06','Pachia'),
	('230107','23','01','07','Palca'),
	('230108','23','01','08','Pocollay'),
	('230109','23','01','09','Sama'),
	('230110','23','01','10','Coronel Gregorio Albarracín L'),
	('230200','23','02','00','Candarave'),
	('230201','23','02','01','Candarave'),
	('230202','23','02','02','Cairani'),
	('230203','23','02','03','Camilaca'),
	('230204','23','02','04','Curibaya'),
	('230205','23','02','05','Huanuara'),
	('230206','23','02','06','Quilahuani'),
	('230300','23','03','00','Jorge Basadre'),
	('230301','23','03','01','Locumba'),
	('230302','23','03','02','Ilabaya'),
	('230303','23','03','03','Ite'),
	('230400','23','04','00','Tarata'),
	('230401','23','04','01','Tarata'),
	('230402','23','04','02','Chucatamani'),
	('230403','23','04','03','Estique'),
	('230404','23','04','04','Estique-Pampa'),
	('230405','23','04','05','Sitajara'),
	('230406','23','04','06','Susapaya'),
	('230407','23','04','07','Tarucachi'),
	('230408','23','04','08','Ticaco'),
	('240000','24','00','00','Tumbes'),
	('240100','24','01','00','Tumbes'),
	('240101','24','01','01','Tumbes'),
	('240102','24','01','02','Corrales'),
	('240103','24','01','03','La Cruz'),
	('240104','24','01','04','Pampas de Hospital'),
	('240105','24','01','05','San Jacinto'),
	('240106','24','01','06','San Juan de la Virgen'),
	('240200','24','02','00','Contralmirante Villar'),
	('240201','24','02','01','Zorritos'),
	('240202','24','02','02','Casitas'),
	('240203','24','02','03','Canoas de Punta Sal'),
	('240300','24','03','00','Zarumilla'),
	('240301','24','03','01','Zarumilla'),
	('240302','24','03','02','Aguas Verdes'),
	('240303','24','03','03','Matapalo'),
	('240304','24','03','04','Papayal'),
	('250000','25','00','00','Ucayali'),
	('250100','25','01','00','Coronel Portillo'),
	('250101','25','01','01','Callaria'),
	('250102','25','01','02','Campoverde'),
	('250103','25','01','03','Iparia'),
	('250104','25','01','04','Masisea'),
	('250105','25','01','05','Yarinacocha'),
	('250106','25','01','06','Nueva Requena'),
	('250107','25','01','07','Manantay'),
	('250200','25','02','00','Atalaya'),
	('250201','25','02','01','Raymondi'),
	('250202','25','02','02','Sepahua'),
	('250203','25','02','03','Tahuania'),
	('250204','25','02','04','Yurua'),
	('250300','25','03','00','Padre Abad'),
	('250301','25','03','01','Padre Abad'),
	('250302','25','03','02','Irazola'),
	('250303','25','03','03','Curimana'),
	('250400','25','04','00','Purus'),
	('250401','25','04','01','Purus'),
	('990000','99','00','00','Extranjero'),
	('999900','99','99','00','Extranjero'),
	('999999','99','99','99','Extranjero');

/*!40000 ALTER TABLE `Ubigeo` ENABLE KEYS */;
UNLOCK TABLES;


# Dump of table Urbanizacion
# ------------------------------------------------------------

DROP TABLE IF EXISTS `Urbanizacion`;

CREATE TABLE `Urbanizacion` (
  `Codigo` varchar(2) NOT NULL,
  `Descripcion` varchar(30) DEFAULT NULL,
  PRIMARY KEY (`Codigo`)
) ENGINE=InnoDB DEFAULT CHARSET=latin1;

LOCK TABLES `Urbanizacion` WRITE;
/*!40000 ALTER TABLE `Urbanizacion` DISABLE KEYS */;

INSERT INTO `Urbanizacion` (`Codigo`, `Descripcion`)
VALUES
	('AG','AGRUPACIÓN'),
	('AH','ASENTAMIENTO HUMANO'),
	('AM','AMPLIACIÓN'),
	('AN','ANEXO'),
	('AS','ASOCIACIÓN'),
	('AU','AUTOPISTA'),
	('BA','BALNEARIO'),
	('CC','COMUNIDAD CAMPESINA'),
	('CD','CONDOMINIO'),
	('CH','CONJUNTO HABITACIONAL'),
	('CM','COMITÉ'),
	('CN','COMUNIDAD NATIVA'),
	('CO','COOPERATIVA'),
	('CP','CENTRO POBLADO'),
	('CR','CONJUNTO RESIDENCIAL'),
	('GR','GRUPO'),
	('PJ','PUEBLO JOVEN'),
	('PR','PARCELA'),
	('RE','RESIDENCIAL'),
	('UA','UNIDAD AGROPECUARIA'),
	('UB','URBANIZACIÓN'),
	('UV','UNIDAD VECINAL');

/*!40000 ALTER TABLE `Urbanizacion` ENABLE KEYS */;
UNLOCK TABLES;


# Dump of table usuario_role
# ------------------------------------------------------------

DROP TABLE IF EXISTS `usuario_role`;

CREATE TABLE `usuario_role` (
  `User_Id` int(10) NOT NULL,
  `Role_Id` int(10) NOT NULL,
  PRIMARY KEY (`User_Id`,`Role_Id`),
  KEY `FKbago1u8l776dyvwcjqhfxt9fn` (`Role_Id`),
  CONSTRAINT `FKbago1u8l776dyvwcjqhfxt9fn` FOREIGN KEY (`Role_Id`) REFERENCES `Role` (`Id`),
  CONSTRAINT `FKc91v2fc2iayocjd1imy3os43w` FOREIGN KEY (`User_Id`) REFERENCES `usuarios` (`Id`),
  CONSTRAINT `FKe7gfguqsiox6p89xggm8g2twf` FOREIGN KEY (`Role_Id`) REFERENCES `role` (`Id`),
  CONSTRAINT `FKth6eco8cte67kah9aqf1u0uk5` FOREIGN KEY (`User_Id`) REFERENCES `Usuarios` (`Id`)
) ENGINE=InnoDB DEFAULT CHARSET=latin1;

LOCK TABLES `usuario_role` WRITE;
/*!40000 ALTER TABLE `usuario_role` DISABLE KEYS */;

INSERT INTO `usuario_role` (`User_Id`, `Role_Id`)
VALUES
	(1,1),
	(2,2),
	(3,3);

/*!40000 ALTER TABLE `usuario_role` ENABLE KEYS */;
UNLOCK TABLES;


# Dump of table Usuarios
# ------------------------------------------------------------

DROP TABLE IF EXISTS `Usuarios`;

CREATE TABLE `Usuarios` (
  `Id` int(10) NOT NULL AUTO_INCREMENT,
  `Cod_Usuario` varchar(10) NOT NULL,
  `Nom_Usuario` varchar(30) DEFAULT NULL,
  `Password_Usuario` varchar(255) DEFAULT NULL,
  `Fecha_Ingreso` date DEFAULT NULL,
  `Grupo_Menus` varchar(30) DEFAULT NULL,
  `Active` tinyint(1) NOT NULL,
  PRIMARY KEY (`Id`)
) ENGINE=InnoDB DEFAULT CHARSET=latin1;

LOCK TABLES `Usuarios` WRITE;
/*!40000 ALTER TABLE `Usuarios` DISABLE KEYS */;

INSERT INTO `Usuarios` (`Id`, `Cod_Usuario`, `Nom_Usuario`, `Password_Usuario`, `Fecha_Ingreso`, `Grupo_Menus`, `Active`)
VALUES
	(1,'aJose','Jose Diaz','$2a$04$5sT3dri6bOOG2b9P1LETEujUeYMR46G/OVybuBjxBAohlEtDsxmi2','2020-04-01','1,2,3,4',1),
	(2,'aPadilla','Alfonso Padilla','$2a$04$5sT3dri6bOOG2b9P1LETEujUeYMR46G/OVybuBjxBAohlEtDsxmi2','2020-02-01','1,2,3,4',1),
	(3,'aSoriano','Alejandra Soriano','$2a$04$5sT3dri6bOOG2b9P1LETEujUeYMR46G/OVybuBjxBAohlEtDsxmi2','2020-02-01','1,2,3,4',1);

/*!40000 ALTER TABLE `Usuarios` ENABLE KEYS */;
UNLOCK TABLES;



/*!40111 SET SQL_NOTES=@OLD_SQL_NOTES */;
/*!40101 SET SQL_MODE=@OLD_SQL_MODE */;
/*!40014 SET FOREIGN_KEY_CHECKS=@OLD_FOREIGN_KEY_CHECKS */;
/*!40101 SET CHARACTER_SET_CLIENT=@OLD_CHARACTER_SET_CLIENT */;
/*!40101 SET CHARACTER_SET_RESULTS=@OLD_CHARACTER_SET_RESULTS */;
/*!40101 SET COLLATION_CONNECTION=@OLD_COLLATION_CONNECTION */;
